id,offerId,title,subheading,userReviewCount,roundedRating,rawPrice,offerCount,usedOnly,shopName,shippingCosts,shippingIsFreeOfCharge,isBestseller,total_capacity_gb,module_capacity_gb,num_modules,frequency_mts,cas_latency_raw,cas_latency_primary,voltage_v,form_factor,market,ram_category
200174645,44b5a6aeee2d6bde5199433d1467c14a,Kingston ValueRam 16GB DDR4-3200 CL22 (KVR32N22D8/16),RAM DDR4,,,120.94,17,False,PC Componentes IT,0.0,False,False,16.0,16.0,1.0,3200.0,CL 22-22-22,22.0,1.2,UDIMM,IT,DDR4
200294354,c2cd3aea2ea4e56b9cd079203405cac5,Patriot 64GB Kit DDR4-3600 CL18 (PVS464G360C8K),RAM DDR4,,80.0,567.12,9,False,4trade.store,9.8,False,False,64.0,32.0,2.0,3600.0,CL 18-20-20-40,18.0,1.35,UDIMM,IT,DDR4
201501279,caee1bc32c2516e28b5eb6f7317382de,Kingston FURY Beast 16GB Single-Kit DDR4-3200 CL16 (KF432C16BB1/16),RAM DDR4,,,151.19,13,False,PC Componentes IT,0.0,False,False,16.0,16.0,1.0,3200.0,CL 16-18-18,16.0,1.35,UDIMM,IT,DDR4
200568659,1ad6cd1bfad63c617aa07ce47d0042e6,Crucial 8GB DDR4-3200 CL22 (CT8G4DFRA32A),RAM DDR4,,,68.99,16,False,amazon-marketplace.it,0.0,False,False,8.0,8.0,1.0,3200.0,CL 22-22-22,22.0,1.2,UDIMM,IT,DDR4
6851711,36e365865c9b8275d698feacdfec33f0,G.Skill Ripjaws V 32GB Kit DDR4-3600 CL18 (F4-3600C18D-32GVK),RAM DDR4,16.0,90.0,207.9,12,False,alternate.it,19.9,False,False,32.0,16.0,2.0,3600.0,CL 18-22-22-42,18.0,1.35,UDIMM,IT,DDR4
200589226,88a7dace864fd603f72a8724fb5e4c2f,Patriot Viper Steel 32GB Kit DDR4-3600 CL18 (PVS432G360C8K),RAM DDR4,84.0,80.0,237.62,8,False,bpm-power.com/it,8.15,False,False,32.0,16.0,2.0,3600.0,CL 18-22-22-42,18.0,,UDIMM,IT,DDR4
6846353,f49fbec52ee7b23993501c8b764be8dd,G.Skill Trident Z RGB 32GB Kit DDR4-3600 CL16 (F4-3600C16D-32GTZRC),RAM DDR4,17.0,100.0,247.67,8,False,4trade.store,9.8,False,False,32.0,16.0,2.0,3600.0,CL 16-19-19-39,16.0,1.35,UDIMM,IT,DDR4
202828670,392a8b004d56728704ee9ec2b6eced08,Crucial Pro 64GB Kit DDR4-3200 CL22 (CP2K32G4DFRA32A),RAM DDR4,,,431.9,11,False,redgaming.it,5.9,False,False,64.0,32.0,2.0,3200.0,CL 22-22-22,22.0,1.2,UDIMM,IT,DDR4
200721630,8703ccf3ca877621eca202a82cb0d477,Kingston ValueRAM 32GB Kit SO-DIMM DDR4-3200 CL22 (KVR32S22D8/32),RAM DDR4,,,241.93,18,False,PC Componentes IT,0.0,False,False,32.0,16.0,2.0,3200.0,CL 22-22-22,22.0,1.2,SODIMM,IT,DDR4
202242468,a4aeebd2ef3ead66129d53da470f4ba3,ADATA Premier 8GB DDR4-2666 CL19 (AD4U26668G19-SGN),RAM DDR4,6.0,90.0,67.67,11,False,amazon-marketplace.it,10.01,False,False,8.0,8.0,1.0,2666.0,CL 19-19-19,19.0,1.2,UDIMM,IT,DDR4
6307153,e0e880ea25278d86c9c4e668e3b84590,Corsair Vengeance LPX 8GB,RAM DDR4,,,83.64,25,False,PC Componentes IT,0.0,False,False,8.0,,,,,,,UDIMM,IT,DDR4
6845241,ff79a51372288117b0c3ed007599a477,Patriot Viper Steel 16GB Kit DDR4-3200 CL16 (PVS416G320C6K),RAM DDR4,108.0,90.0,137.24,9,False,kaufland.it,6.8,False,False,16.0,8.0,2.0,3200.0,CL 16-18-18-36,16.0,1.35,UDIMM,IT,DDR4
201483813,58984f23c8926d0aeda268750853a8d2,Kingston FURY Beast 32GB Dual-Kit DDR4-3600 CL18 (KF436C18BBK2/32),RAM DDR4,,,260.6,13,False,amazon-marketplace.it,13.0,False,False,32.0,16.0,2.0,3600.0,CL 18-22-22,18.0,1.35,UDIMM,IT,DDR4
6845238,1e8e0da2495cafa6095398fba1e9fdaf,Patriot Viper Steel 32 GB Kit DDR4-3200 CL16 (PVS432G320C6K),RAM DDR4,174.0,80.0,211.87,9,False,bpm-power.com/it,8.09,False,False,32.0,16.0,2.0,3200.0,CL 16-18-18-36,16.0,1.35,UDIMM,IT,DDR4
201494438,66540ab7422bd7738d7c41866109f0c3,Kingston FURY Beast 64GB Dual-Kit DDR4-3600 CL18 (KF436C18BBK2/64),RAM DDR4,,90.0,697.08,8,False,kaufland.it,0.0,False,False,64.0,32.0,2.0,3600.0,CL 18-22-22,18.0,1.35,UDIMM,IT,DDR4
6846126,42ead2061c1c292bf44899a130f65b91,G.Skill Aegis 16GB DDR4-3200 CL16 (F4-3200C16S-16GIS),RAM DDR4,1.0,100.0,105.9,12,False,alternate.it,19.9,False,False,16.0,16.0,1.0,3200.0,CL 16-18-18-38,16.0,1.35,UDIMM,IT,DDR4
6351521,37a7b3269bf6d7d169a14a47858a64b5,Corsair Vengeance LPX 16GB Kit DDR4-3200,RAM DDR4,3.0,90.0,194.69,8,False,reichelt.com (IT),9.95,False,False,16.0,,,3200.0,,,1.35,UDIMM,IT,DDR4
200333301,9df481ad358cb7e09232e4a747063f1b,Kingston ValueRam 8GB DDR4-3200 CL22 (KVR32S22S8/8),RAM DDR4,,,92.17,16,False,reichelt.com (IT),9.95,False,False,8.0,8.0,1.0,3200.0,CL 22-22-22,22.0,1.2,UDIMM,IT,DDR4
200568640,56ad376272017fa26bc55a08cc007cd7,Crucial 16GB DDR4-3200 CL22 (CT16G4DFRA32A),RAM DDR4,1.0,100.0,140.13,12,False,PC Componentes IT,0.0,False,False,16.0,16.0,1.0,3200.0,CL 22-22-22,22.0,1.2,UDIMM,IT,DDR4
203564796,51a532e6f18957d2233442054a5acef9,Kingston FURY Renegade 32GB Kit DDR4-3600 CL16 (KF436C16RB12K2/32),RAM DDR4,13.0,100.0,339.65,8,False,senetic.it,9.41,False,False,32.0,16.0,2.0,3600.0,CL 16-20-20,16.0,1.35,UDIMM,IT,DDR4
200289532,65bd00926aec911d41e67a16537a48be,Corsair Vengeance LPX 32GB Kit DDR4-3600 CL18 (CMK32GX4M2Z3600C18),RAM DDR4,,,274.54,6,False,bpm-power.com/it,8.19,False,False,32.0,16.0,2.0,3600.0,CL 18-22-22-42,18.0,1.35,UDIMM,IT,DDR4
201532633,c1b1357311137b1c3c33689547587413,Kingston FURY Impact 32GB Dual-Kit DDR4-3200 CL20 (KF432S20IBK2/32),RAM DDR4,316.0,100.0,288.03,11,False,bpm-power.com/it,8.17,False,False,32.0,16.0,2.0,3200.0,CL 20-22-22,20.0,1.2,SODIMM,IT,DDR4
200152560,f556d873dc3fcaaad8ce43c5929ffecd,Crucial 32GB DDR4-3200 CL22 (CT32G4DFD832A),RAM DDR4,,,226.39,14,False,Qbuy.it,232.0,False,False,32.0,32.0,1.0,3200.0,,22.0,1.2,UDIMM,IT,DDR4
201103079,27c4b7eebd56ab395b8c08aa85bdafa5,Patriot Viper Steel RGB 16GB Kit DDR4-3600 CL18 (PVSR416G360C0K),RAM DDR4,34.0,90.0,155.2,7,False,eweki.it,7.99,False,False,16.0,8.0,2.0,3600.0,,18.0,1.35,UDIMM,IT,DDR4
200279333,6e039e9e1bc9f27a33427eec401b9862,Team 8GB DDR4-2666 CL19 (TED48G2666C1901),RAM DDR4,31.0,90.0,24.9,5,False,ebay.it,0.0,False,False,8.0,8.0,1.0,2666.0,CL 19-19-19,19.0,1.2,UDIMM,IT,DDR4
201524791,405d4d628294df015b2d8cc0fa7ba2ed,Kingston FURY Beast 16GB DDR4-3200 CL16 (KF432C16BB/16),RAM DDR4,,,148.16,16,False,PC Componentes IT,0.0,False,False,16.0,16.0,1.0,3200.0,CL 16-20-20,16.0,1.35,UDIMM,IT,DDR4
200565710,0875f2ef4383b00ce00fa08f1813c744,Crucial 32GB Kit DDR4-3200 CL22 (CT2K16G4DFRA32A),RAM DDR4,,,274.39,8,False,PC Componentes IT,0.0,False,False,32.0,16.0,2.0,3200.0,CL 22-22-22,22.0,1.2,UDIMM,IT,DDR4
200602310,44234e2c339a28c7c90c271e73be6bb0,Kingston ValueRAM 16GB DDR4-3200 CL22 (KVR32N22S8/16),RAM DDR4,,,141.11,18,False,PC Componentes IT,0.0,False,False,16.0,16.0,1.0,3200.0,CL 22-22-22,22.0,1.2,UDIMM,IT,DDR4
6846326,e5b49a619d3461683f4cb1bb8e17d42a,G.Skill Trident Z RGB 32GB KIt DDR4-3600 CL18 (F4-3600C18D-32GTZR),RAM DDR4,43.0,100.0,256.47,6,False,amazon-marketplace.it,9.37,False,False,32.0,16.0,2.0,3600.0,CL 18-22-22-42,18.0,1.35,UDIMM,IT,DDR4
201522840,fa83c0b28977cc3be189e547168d6b92,Kingston Fury Beast 32GB DDR4-3200 CL16 (KF432C16BB/32),RAM DDR4,,,262.1,17,False,PC Componentes IT,0.0,False,False,32.0,32.0,1.0,3200.0,CL 16-20-20,16.0,1.35,UDIMM,IT,DDR4
6824040,c494f9672c5614933c00d41d42f35a67,Synology 16GB SODIMM DDR4-2666 (D4ECSO-2666-16G),RAM DDR4,3.0,100.0,803.37,12,False,amazon-marketplace.it,10.0,False,False,16.0,16.0,1.0,2666.0,,,1.2,SODIMM,IT,DDR4
203565433,5d7b7b0a54b26405d7300ad6c2962e60,Kingston FURY Beast RGB 8GB DDR4-3200 CL16 (KF432C16BB2A/8),RAM DDR4,18.0,90.0,84.72,12,False,amazon-marketplace.it,0.0,False,False,8.0,8.0,1.0,3200.0,CL 16-18-18,16.0,1.35,UDIMM,IT,DDR4
200425814,3a0cb8dbada41a3ccaa98a25e5337d78,G.Skill Ripjaws 16GB Kit DDR4-3600 CL18 (F4-3600C18D-16GVK),RAM DDR4,1.0,100.0,119.3,13,False,redgaming.it,5.9,False,False,16.0,8.0,2.0,3600.0,CL 18-22-22-42,18.0,1.35,UDIMM,IT,DDR4
203564637,970b4ede5e217c3a0e1f816155abd8d9,Kingston FURY Beast RGB 32GB DDR4-3200 CL16 (KF432C16BB2A/32),RAM DDR4,3.0,90.0,270.03,14,False,senetic.it,9.41,False,False,32.0,32.0,1.0,3200.0,CL 16-20-20,16.0,1.35,UDIMM,IT,DDR4
202808168,7367a8efa67ddc5f323382820d899c6b,Crucial Pro 32GB Kit DDR4-3200 CL22 (CP2K16G4DFRA32A),RAM DDR4,1.0,100.0,245.9,11,False,bpm-power.com/it,8.13,False,False,32.0,16.0,2.0,3200.0,CL 22-22-22,22.0,1.2,UDIMM,IT,DDR4
201541714,ca34304238eeebeb5faa9e71ed5e29db,Kingston FURY Impact 64GB Kit DDR4-3200 CL17 (KF432S20IBK2/64),RAM DDR4,125.0,90.0,669.1,12,False,PC Componentes IT,0.0,False,False,64.0,32.0,2.0,3200.0,CL 20-22-22,20.0,1.2,SODIMM,IT,DDR4
6850476,69bb108921e5d7279e32e7195adc98a9,G.Skill Aegis 16GB Kit DDR4-3200 CL16 (F4-3200C16D-16GIS),RAM DDR4,,,113.5,11,False,redgaming.it,5.9,False,False,16.0,8.0,2.0,3200.0,CL 16-18-18-38,16.0,1.35,UDIMM,IT,DDR4
6844737,fd7b45210809cb349ce3e77e1d76b16a,Corsair Vengeance LPX 32GB Kit DDR4-3200 CL16 (CMK32GX4M2E3200C16),RAM DDR4,,,214.81,18,False,Amazon.it,0.0,False,False,32.0,16.0,2.0,3200.0,CL 16-20-20-38,16.0,1.35,UDIMM,IT,DDR4
6919673,ff00dffa4ed29d4d1780f485575d6ee9,G.Skill Trident Z Royal 32GB Kit DDR4-3200 CL16 (F4-3200C16D-32GTRS),RAM DDR4,3.0,70.0,268.64,9,False,4trade.store,9.8,False,False,32.0,16.0,2.0,3200.0,CL 16-18-18-38,16.0,1.2,UDIMM,IT,DDR4
6850146,0556c5f7a17e935425e34b51c6ef080e,G.Skill Ripjaws V 32GB Kit DDR4-3600 CL16 (F4-3600C16D-32GVKC),RAM DDR4,1.0,80.0,229.9,11,False,alternate.it,19.9,False,False,32.0,16.0,2.0,3600.0,CL 16-19-19-39,16.0,1.35,UDIMM,IT,DDR4
200442037,22350c1d3511edfe421da017a3eccdd8,Patriot Viper Steel 64GB Kit DDR4-3200 CL16 (PVS464G320C6K),RAM DDR4,40.0,90.0,515.18,5,False,kaufland.it,0.0,False,False,64.0,32.0,2.0,3200.0,CL 16-18-18-36,16.0,1.35,UDIMM,IT,DDR4
6844847,896a5fbc75ebdbe3c8cdaaa2c7c53ec9,G.Skill Aegis 8GB DDR4-3200 CL16 (F4-3200C16S-8GIS),RAM DDR4,,,54.9,9,False,alternate.it,19.9,False,False,8.0,8.0,1.0,3200.0,CL 16-18-18-38,16.0,1.35,UDIMM,IT,DDR4
200610372,98b705322dd3ece721d39ac69034e837,Crucial 16GB SODIMM DDR4-3200 CL22 (CT16G4SFRA32A),RAM DDR4,4.0,100.0,99.0,17,False,ebay.it,0.0,False,False,16.0,16.0,1.0,3200.0,CL 22-22-22,22.0,1.2,SODIMM,IT,DDR4
201197757,21f5a8d1a3cb355ed1e1e6271c68252b,G.Skill Ripjaws V 128GB Kit DDR4-2666 CL19 (F4-2666C19Q-128GVK),RAM DDR4,,,1336.86,6,False,kaufland.it,14.9,False,False,128.0,32.0,4.0,2666.0,,19.0,1.2,UDIMM,IT,DDR4
203566395,3d7bd41ad97435fa2d6eea2440ad0792,Kingston FURY Renegade RGB 16GB DDR4-3600 CL16 (KF436C16RB12A/16),RAM DDR4,,,147.12,8,False,4trade.store,9.8,False,False,16.0,16.0,1.0,3600.0,CL 16-20-20,16.0,1.35,UDIMM,IT,DDR4
201662554,bab83ea800231384c22e17e4189c4968,G.Skill Aegis 32GB Kit DDR4-3200 CL16 (F4-3200C16D-32GIS),RAM DDR4,1.0,100.0,213.21,11,False,bpm-power.com/it,8.08,False,False,32.0,16.0,2.0,3200.0,CL 16-18-18-38,16.0,1.35,UDIMM,IT,DDR4
201494125,50fbdb4e46cdbd0fbaab2fc3bd9df713,Kingston FURY Beast 32GB Dual-Kit DDR4-3200 CL16 (KF432C16BB1K2/32),RAM DDR4,6.0,100.0,229.99,13,False,ebay.it,0.0,False,False,32.0,16.0,2.0,3200.0,CL 16-18-18,16.0,1.35,UDIMM,IT,DDR4
4866786,4d08c3d35f19f734e51183a980bfb4ec,G.Skill Ripjaws V 16GB Kit DDR4-3200 CL16 (F4-3200C16D-16GVKB),RAM DDR4,2.0,90.0,113.9,9,False,alternate.it,19.9,False,False,16.0,8.0,2.0,3200.0,CL 16-18-18-38,16.0,1.35,UDIMM,IT,DDR4
201523648,6172c6945fdbb12980862c6f6c6ed37d,Kingston FURY Beast 32GB Dual-Kit DDR4-3200 CL16 (KF432C16BBK2/32),RAM DDR4,,,305.0,14,False,mediaworld.it (MKP),0.0,False,False,32.0,16.0,2.0,3200.0,CL 16-20-20,16.0,1.35,UDIMM,IT,DDR4
206842836,1d449b4d080edb8c60f185a34b2da7d0,Silicon Power XPOWER Pulse 16GB Kit DDR4-3200 C16 (SP016GXLZU320BDI),RAM DDR4,,,99.99,5,False,amazon-marketplace.it,0.0,False,False,16.0,8.0,2.0,3200.0,CL 16-18-18-38,16.0,1.35,UDIMM,IT,DDR4
201522900,3b06b6cb07ad624417dd70df6a454de7,Kingston FURY Beast 16GB Dual-Kit DDR4-3200 CL16 (KF432C16BBK2/16),RAM DDR4,2.0,90.0,164.9,17,False,alternate.it,19.9,False,False,16.0,8.0,2.0,3200.0,CL 16-18-18,16.0,1.35,UDIMM,IT,DDR4
200610271,bc51a47673bb132c5d3642f3017e42ce,Crucial 8GB SODIMM DDR4-3200 CL22 (CT8G4SFRA32A),RAM DDR4,3.0,80.0,68.16,13,False,eweki.it,7.96,False,False,8.0,8.0,1.0,3200.0,CL 22-22-22,22.0,1.2,SODIMM,IT,DDR4
200283632,31f0fd6f74e042081d091a2c40181d12,Patriot Viper Steel 16GB DDR4-3200 CL16 (PVS416G320C6),RAM DDR4,118.0,90.0,118.05,14,False,4trade.store,9.8,False,False,16.0,16.0,1.0,3200.0,CL 16-18-18-36,16.0,1.35,UDIMM,IT,DDR4
4885703,6cfec998fabed9b629dd2d7949903c00,G.Skill Ripjaws V 32GB Kit DDR4-3200 CL16 (F4-3200C16D-32GVK),RAM DDR4,,100.0,213.9,11,False,alternate.it,19.9,False,False,32.0,16.0,2.0,3200.0,CL 16-18-18-38,16.0,1.35,UDIMM,IT,DDR4
200610286,66931eda886417bd82226c2b09a379a4,Crucial 32GB Kit SODIMM DDR4-3200 CL22 (CT2K16G4SFRA32A),RAM DDR4,,,258.99,9,False,PC Componentes IT,0.0,False,False,32.0,16.0,2.0,3200.0,,22.0,1.2,SODIMM,IT,DDR4
201500906,f534cf28eedfea78a7debbb691ea2347,Kingston FURY Beast 8GB Single-Kit DDR4-3200 CL16 (KF432C16BB/8),RAM DDR4,,,75.57,18,False,PC Componentes IT,0.0,False,False,8.0,8.0,1.0,3200.0,CL 16-18-18,16.0,1.35,UDIMM,IT,DDR4
200876454,a38cf8c7cb2031269d5a6b6e6d9e42d1,Corsair Vengeance RGB PRO 32GB Kit DDR4-3200 CL16 (CMW32GX4M2E3200C16),RAM DDR4,2.0,100.0,291.25,17,False,bpm-power.com/it,8.22,False,False,32.0,16.0,2.0,3200.0,CL 16-20-20-38,16.0,1.35,UDIMM,IT,DDR4
201870700,c360fecd6eb5a4b56fafce2dd9a83743,Team Delta RGB 16GB Dual Kit DDR4-3200 CL16 (TF4D416G3200HC16FDC01),RAM DDR4,,,154.4,8,False,redgaming.it,5.9,False,False,16.0,8.0,2.0,3200.0,CL 16-20-20-40,16.0,1.35,UDIMM,IT,DDR4
6111683,3be53368527db5af7a7f871d34ef7ad7,G.Skill Aegis 16GB DDR4-3000 CL16 (F4-3000C16S-16GISB),RAM DDR4,44.0,90.0,102.82,10,False,bpm-power.com/it,5.93,False,False,16.0,16.0,1.0,3000.0,CL 16-18-18-38,16.0,1.2,UDIMM,IT,DDR4
201615365,be03989f739aeb037c115b95e9fd73c3,Team T-Force Vulcan Z 16GB Kit DDR4-3200 CL16 (TLZGD416G3200HC16FDC01),RAM DDR4,63.0,90.0,142.8,7,False,redgaming.it,5.9,False,False,16.0,8.0,2.0,3200.0,CL 16-20-20-40,16.0,1.35,UDIMM,IT,DDR4
203394017,611d1107fee6b61146f8eeac79715a59,Kingston FURY Beast 16GB Kit DDR4-3600 CL17 (KF436C17BB2AK2/16),RAM DDR4,8.0,100.0,163.0,10,False,mediaworld.it (MKP),0.0,False,False,16.0,8.0,2.0,3600.0,CL 17-21-21,17.0,1.35,UDIMM,IT,DDR4
200720890,19cf22df434a40195e19d3bfdd655bde,Corsair Vengeance SO-DIMM 32GB Kit DDR4-3200 CL22 (CMSX32GX4M2A3200C22),RAM DDR4,355.0,90.0,249.11,10,False,PC Componentes IT,0.0,False,False,32.0,16.0,2.0,3200.0,CL 22-22-22-53,22.0,1.2,SODIMM,IT,DDR4
6721522,c2a7ab20d2391ee6af541b88d8bb42f7,G.Skill Trident Z Neo 32GB DDR4 DDR4-3600 CL16 (F4-3600C16D-32GTZNC),RAM DDR4,1.0,80.0,282.12,11,False,amazon-marketplace.it,9.37,False,False,32.0,16.0,2.0,3600.0,CL 16-19-19-39,16.0,1.35,UDIMM,IT,DDR4
200184952,a55a74c8636fa4ea3408a44167b62d16,Crucial 32GB DDR4-3200 CL22 (CT32G4SFD832A),RAM DDR4,,,226.7,5,False,amazon-marketplace.it,0.0,False,False,32.0,32.0,1.0,3200.0,,22.0,1.2,SODIMM,IT,DDR4
6722121,fd684b19d808ee2edf585c4a1fd971cf,Corsair Vengeance LPX 16GB DDR4-3200 CL16 (CMK16GX4M2E3200C16),RAM DDR4,,,164.96,15,False,galaxus.it,0.0,False,False,16.0,8.0,2.0,3200.0,CL 16-20-20-38,16.0,1.35,UDIMM,IT,DDR4
5982140,483f87dcae3ae6bc00ad564e713d1257,Patriot 8GB SODIMM DDR4-2133 (PSD48G213381S),RAM DDR4,,,135.0,1,False,mediaworld.it (MKP),0.0,False,False,8.0,8.0,1.0,2133.0,,,,SODIMM,IT,DDR4
201869287,b477f804331ebd278cdc5198539dfa18,GoodRAM DRAM SODIMM 8GB DDR4-2666 CL19 (GR2666S464L19S/8G),RAM DDR4,1.0,100.0,62.05,3,False,amazon-marketplace.it,0.0,False,False,8.0,8.0,1.0,2666.0,,19.0,1.2,SODIMM,IT,DDR4
6932332,d9eddd0f09bbcd36e11b4ae9e4c8cf5a,G.Skill Trident Z RGB 32GB Kit DDR4-4000 CL18 (F4-4000C18Q-32GTZRB),RAM DDR4,,,316.1,5,False,redgaming.it,5.9,False,False,32.0,8.0,4.0,4000.0,CL 18-22-22-42,18.0,1.2,UDIMM,IT,DDR4
201165418,b2aac0d53f99edb58331af84015ff8fa,Patriot Viper Steel 8GB DDR4-3200 CL16 (PVS48G320C6),RAM DDR4,365.0,80.0,67.99,9,False,amazon-marketplace.it,0.0,False,False,8.0,8.0,1.0,3200.0,CL 16-18-18-36,16.0,1.35,UDIMM,IT,DDR4
202281661,3b20d6357137218a09091529635eaec6,Synology D4ES02-4G,RAM DDR4,,,111.28,11,False,amazon-marketplace.it,9.9,False,False,4.0,4.0,1.0,,,,,SODIMM,IT,DDR4
201541706,7d2ba3a9eba4a36bae0318e9f668e169,Kingston FURY Impact 16GB DDR4-3200 CL20 (KF432S20IB/16),RAM DDR4,41.0,100.0,149.98,16,False,PC Componentes IT,0.0,False,False,16.0,16.0,1.0,3200.0,CL 20-22-22,20.0,1.2,SODIMM,IT,DDR4
202292198,8fd9780b90471e553023adfede740be9,Lexar 16GB DDR4-3200 CL22 (LD4AS016G-B3200GSST),RAM DDR4,,,118.44,7,False,mediaworld.it (MKP),11.95,False,False,16.0,16.0,1.0,3200.0,,22.0,1.2,SODIMM,IT,DDR4
200936432,18b4597b6099896c3fd3d63b3560cbb7,Kingston 16GB DDR4-3200 CL22 (KCP432NS8/16),RAM DDR4,,,172.0,16,False,mediaworld.it (MKP),0.0,False,False,16.0,16.0,1.0,3200.0,,22.0,1.2,UDIMM,IT,DDR4
6512957,5790667ab1bfdf46c70dc628bc496856,Corsair Dominator Platinum RGB 16GB Kit DDR4-3200 CL16 (CMT16GX4M2Z3200C16),RAM DDR4,20.0,90.0,213.73,4,False,PC Componentes IT,0.0,False,False,16.0,8.0,2.0,3200.0,CL 16-18-18-36,16.0,1.35,UDIMM,IT,DDR4
207742242,b968d16cb9d38d4ceb51e21b50b6ab20,Synology 8GB DDR4-2666 (D4ES03-8G),RAM DDR4,,,452.65,12,False,amazon-marketplace.it,10.0,False,False,8.0,8.0,1.0,2666.0,,,,SODIMM,IT,DDR4
4893209,c9ba533177252f46d2a0d80dd6ed1b53,Corsair ValueSelect 8GB SO-DIMM DDR4-2133 CL15 (CMSO8GX4M1A2133C15),RAM DDR4,,,77.47,7,False,amazon-marketplace.it,7.92,False,False,8.0,8.0,1.0,2133.0,,15.0,,SODIMM,IT,DDR4
201500889,22dfd7736f827bd5758c972f539c497b,Kingston FURY Beast 8GB Single-Kit DDR4-3600 CL17 (KF436C17BB/8),RAM DDR4,,,85.01,11,False,amazon-marketplace.it,0.0,False,False,8.0,8.0,1.0,3600.0,CL 17-21-21,17.0,1.35,UDIMM,IT,DDR4
5280329,77fc8b5e98dec5abc5437d18b86a9cde,Crucial 8GB SODIMM DDR4-2400 CL17 (CT8G4SFS824A),RAM DDR4,5.0,100.0,69.99,4,False,amazon-marketplace.it,0.0,False,False,8.0,8.0,1.0,2400.0,,17.0,,SODIMM,IT,DDR4
202353433,6b1b24f2d071e224b7015bc2da1f5527,Kingston Memoria RAM DIMM 64Gb DDR4 3200 ECC (KSM32RD4/64MFR),RAM DDR4,,,1055.17,8,False,amazon-marketplace.it,11.26,False,False,64.0,64.0,1.0,3200.0,,,1.2,UDIMM,IT,DDR4
202713826,6a0ed36cdb4256b68f464337293c4745,Micron 16GB DDR4-3200 ECC CL22 (MTA9ASF2G72AZ-3G2R),RAM DDR4,,,793.55,7,False,senetic.it,9.41,False,False,16.0,16.0,1.0,3200.0,CL 22-22-22,22.0,1.2,,IT,DDR4
200333307,d77fd3b8e122f063c170da6f3061b239,Kingston ValueRam 16GB DDR4-3200 CL22 (KVR32S22D8/16),RAM DDR4,,,151.88,18,False,bpm-power.com/it,5.92,False,False,16.0,8.0,2.0,3200.0,CL 22-22-22,22.0,1.2,UDIMM,IT,DDR4
6721523,1218707bb07f69d54192400842f881d6,G.Skill Trident Z Neo 16GB DDR4 DDR4-3000 CL16 (F4-3600C16D-16GTZNC),RAM DDR4,,,146.97,7,False,bpm-power.com/it,5.95,False,False,16.0,8.0,2.0,3600.0,CL 16-19-19-39,16.0,1.35,UDIMM,IT,DDR4
201502098,47b621f11c88e24a12efe11df827a575,Kingston FURY Beast 16GB Single-Kit DDR4-3600 CL18 (KF436C18BB/16),RAM DDR4,,,153.11,16,False,bpm-power.com/it,5.93,False,False,16.0,16.0,1.0,3600.0,CL 18-22-22,18.0,1.35,UDIMM,IT,DDR4
208823117,d3806b6e28c33fe30d6f751ac745465f,Dell 8GB DDR4-3200 UDIMM (AC140379),RAM DDR4,,,47.7,7,False,ollo.it,5.9,False,False,8.0,8.0,1.0,3200.0,,,,UDIMM,IT,DDR4
201502124,c77cdb0377783bd64c06c91004a6debb,Kingston FURY Beast 16GB Dual-Kit DDR4-3600 CL17 (KF436C17BBK2/16),RAM DDR4,,,149.0,12,False,galaxus.it,0.0,False,False,16.0,8.0,2.0,3600.0,CL 17-21-21,17.0,1.35,UDIMM,IT,DDR4
209710005,3a9107edfedf8962b80010d24768be47,Integral 8GB DDR4-3200 CL 22 (IN4V8GNGLTX),RAM DDR4,,,75.73,4,False,amazon-marketplace.it,0.0,False,False,8.0,8.0,1.0,3200.0,,,1.2,SODIMM,IT,DDR4
200283660,02011756eac3a01ca101ed767e32505c,Kingston ValueRAM 32GB DDR4-3200 CL22 (KVR32N22D8/32),RAM DDR4,,,272.18,17,False,PC Componentes IT,0.0,False,False,32.0,32.0,1.0,3200.0,CL 22-22-22,22.0,1.2,UDIMM,IT,DDR4
5069026,68a74a83f795e3f62cc5b99e409b5c78,Crucial 8GB DDR4-2400 CL17 (CT8G4DFS824A),RAM DDR4,1.0,100.0,69.99,5,False,amazon-marketplace.it,0.0,False,False,8.0,8.0,1.0,2400.0,CL 17-17-17,17.0,1.2,UDIMM,IT,DDR4
6111166,851ec08e6d66c300af68e4c477aa6718,Kingston 16GB DDR4-2666 (KCP426ND8/16),RAM DDR4,,,146.81,8,False,amazon-marketplace.it,9.1,False,False,16.0,16.0,1.0,2666.0,,,1.2,UDIMM,IT,DDR4
200610638,e165fc7ab9b7da5c5e55418cf024c8c8,Crucial 16GB Kit SODIMM DDR4-3200 CL22 (CT2K8G4SFRA32A),RAM DDR4,,,149.99,2,False,amazon-marketplace.it,0.0,False,False,16.0,8.0,2.0,3200.0,,22.0,1.2,SODIMM,IT,DDR4
201516166,b694523584708b41509cf2363e2f9e30,Corsair Vengance RGB Pro TUF Gaming Edition 16GB Kit DDR4-3200 CL16 (CMW16GX4M2E3200C16-TUF),RAM DDR4,,,208.57,4,False,amazon-marketplace.it,6.46,False,False,16.0,8.0,2.0,3200.0,,16.0,1.35,UDIMM,IT,DDR4
5047381,3a97f7118e195a873c5a256af2495633,Crucial DIMM 16GB Kit DDR4-2400 CL17 (CT2K8G4SFS824A),RAM DDR4,1.0,100.0,139.99,2,False,amazon-marketplace.it,0.0,False,False,16.0,8.0,2.0,2400.0,,17.0,,SODIMM,IT,DDR4
200794205,ebcfbb6d9672dbff5f5a64509f7cf35a,Kingston 8GB DDR4-2666 CL19 (KCP426NS6/8),RAM DDR4,,,93.02,7,False,amazon-marketplace.it,11.09,False,False,8.0,8.0,1.0,2666.0,,19.0,1.2,UDIMM,IT,DDR4
4900567,d52c05fcbea53a38f6129c7757ec3f5a,G.Skill Ripjaws 16GB Kit SO-DIMM DDR4-2400 CL16 (F4-2400C16D-16GRS),RAM DDR4,,,125.23,7,False,bpm-power.com/it,5.93,False,False,16.0,8.0,2.0,2400.0,,16.0,1.2,SODIMM,IT,DDR4
202592546,19cf503b2084920130eb0ee5252c5626,Synology D4ER01-16G,RAM DDR4,,,410.9,9,False,PC Componentes IT,0.0,False,False,16.0,16.0,1.0,,,,,,IT,DDR4
200721972,b7bdb5cc5689af12e4fe11153c9d3164,Kingston ValueRam 4GB SO-DIMM DDR4-3200 CL22 (KVR32S22S6/4),RAM DDR4,,,23.99,7,False,amazon-marketplace.it,3.99,False,False,4.0,4.0,1.0,3200.0,CL 22-22-22,22.0,1.2,SODIMM,IT,DDR4
5283725,b60f2714e35f40424547522d8b9366a4,G.Skill Ripjaws 32GB Kit DDR4 PC4-19200 CL16 (F4-2400C16D-32GRS),RAM DDR4,168.0,100.0,218.88,9,False,kaufland.it,0.0,False,False,32.0,16.0,2.0,2400.0,,16.0,1.2,SODIMM,IT,DDR4
200936442,0c48fca5fcab4e649f83111dcc33e8d3,Kingston 32GB DDR4-3200 CL22 (KCP432SD8/32),RAM DDR4,,,334.12,10,False,PC Componentes IT,0.0,False,False,32.0,32.0,1.0,3200.0,,22.0,1.2,SODIMM,IT,DDR4
204994698,c459e210bb29038fb888c598f8b5ca08,HP 13L77AA,RAM DDR4,,,112.46,7,False,senetic.it,9.41,False,False,8.0,8.0,1.0,3200.0,,,,SODIMM,IT,DDR4
202317382,2f6b47ad2b7f12040d2f0dea920cc973,Kingston 64GB DDR4-3200 CL22 (KSM32RD4/64HCR),RAM DDR4,,,1019.01,8,False,PC Componentes IT,0.0,False,False,64.0,64.0,1.0,3200.0,CL 22-22-22,22.0,1.2,UDIMM,IT,DDR4
202011415,3366c9c1eb3b404bc7c8ea5bdb662bc0,Corsair Vengeance 16GB DDR4-3200 CL22 (CMSX16GX4M1A3200C22),RAM DDR4,128.0,90.0,141.11,15,False,PC Componentes IT,0.0,False,False,16.0,16.0,1.0,3200.0,CL 22-22-22-53,22.0,1.2,SODIMM,IT,DDR4
200684086,26ccbcfd0e0b15ef1899982ed026edc4,Patriot Signature Line 16GB SODIMM DDR4-2666 CL19 (PSD416G26662S),RAM DDR4,,,124.2,10,False,eweki.it,7.87,False,False,16.0,16.0,1.0,2666.0,CL 19-19-19-43,19.0,1.2,SODIMM,IT,DDR4
206801025,03ddc30391e2849e352eedc9f997d9a1,Lenovo Modulo di Memoria DDR4 8 GB SO-DIMM 260-pin 3200 MHz (4X71D09532),RAM DDR4,,,84.67,7,False,bpm-power.com/it,5.93,False,False,8.0,8.0,1.0,3200.0,,,,SODIMM,IT,DDR4
200589334,1db32ee0bb205c083ee05cc75a2f7fe6,Patriot Signature Line 16GB DDR4-3200 CL22 (PSD416G320081),RAM DDR4,,,142.07,8,False,kaufland.it,0.0,False,False,16.0,16.0,1.0,3200.0,CL 22-22-22-52,22.0,1.2,UDIMM,IT,DDR4
6193634,93b701dc2b79db029202898cd974d14f,G.Skill Trident Z RGB 32GB Kit DDR4-3200 CL16 (F4-3200C16D-32GTZR),RAM DDR4,1.0,100.0,250.0,8,False,bpm-power.com/it,8.19,False,False,32.0,16.0,2.0,3200.0,CL 16-16-16-36,16.0,1.2,UDIMM,IT,DDR4
201493489,cf37b8684fe1c9a887769a6699b02369,Kingston FURY Beast 64GB Dual-Kit DDR4-3200 CL16 (KF432C16BBK2/64),RAM DDR4,3.0,100.0,594.83,11,False,PC Componentes IT,0.0,False,False,64.0,32.0,2.0,3200.0,CL 16-20-20,16.0,1.35,UDIMM,IT,DDR4
200184964,8df7c3a07927862357dca54bf99bbb31,Crucial 64GB Kit DDR4-3200 CL22 (CT2K32G4SFD832A),RAM DDR4,,,539.99,7,False,amazon-marketplace.it,0.0,False,False,64.0,32.0,2.0,3200.0,,22.0,1.2,SODIMM,IT,DDR4
200774453,fc6ecf48df3bb3f8d1d19aaa7ebb2e23,Kingston 8GB SO-DIMM DDR4-3200 CL22 (KCP432SS8/8),RAM DDR4,,,108.71,10,False,bpm-power.com/it,5.92,False,False,8.0,8.0,1.0,3200.0,,22.0,1.2,SODIMM,IT,DDR4
4885364,1da71e38296c6f4225555725fc90cafb,G.Skill Ripjaws V 16GB DDR4-3200 CL16 (F4-3200C16S-16GVK),RAM DDR4,1.0,100.0,115.8,12,False,redgaming.it,5.9,False,False,16.0,16.0,1.0,3200.0,CL 16-18-18-38,16.0,1.35,UDIMM,IT,DDR4
200936439,6e78ac668095d2ddd61a96928dc0aa17,Kingston 16GB DDR4-3200 CL22 (KVR32S22S8/16),RAM DDR4,9.0,100.0,125.98,14,False,PC Componentes IT,0.0,False,False,16.0,16.0,1.0,3200.0,CL 22-22-22,22.0,1.2,SODIMM,IT,DDR4
6111903,538be519990fcf73e9d29583b0525b5c,G.Skill AEGIS 32GB Kit DDR4-3000 CL16 (F4-3000C16D-32GISB),RAM DDR4,20.0,90.0,205.85,12,False,bpm-power.com/it,8.06,False,False,32.0,16.0,2.0,3000.0,CL 16-18-18-38,16.0,1.35,UDIMM,IT,DDR4
201502115,c1d2d7fb37754defc22feb6b4c0864c7,Kingston FURY Beast 32GB Single-Kit DDR4-3600 CL18 (KF436C18BB/32),RAM DDR4,,,309.4,11,False,eweki.it,7.99,False,False,32.0,32.0,1.0,3600.0,CL 18-22-22,18.0,1.35,UDIMM,IT,DDR4
200918063,000b3e11bcb9e3df9c698a1602644088,Team Elite 16GB SO-DIMM DDR4-2666 CL19 (TED416G2666C19-S01),RAM DDR4,,,59.32,6,False,amazon-marketplace.it,0.0,False,False,16.0,16.0,1.0,2666.0,CL 19-19-19-43,19.0,1.2,SODIMM,IT,DDR4
203564593,9cc3c5d774595247d4ddc261a04d5972,Kingston FURY Beast RGB 32GB Kit DDR4-3200 CL16 (KF432C16BB12AK2/32),RAM DDR4,5.0,100.0,317.93,10,False,kaufland.it,0.0,False,False,32.0,16.0,2.0,3200.0,CL 16-18-18,16.0,1.35,UDIMM,IT,DDR4
6846318,5131463bcf1c0db4056355d849aa377a,G.Skill Trident Z RGB 16GB Kit DDR4-3600 CL16 (F4-3600C16D-16GTZRC),RAM DDR4,,,232.06,7,False,amazon-marketplace.it,15.99,False,False,16.0,8.0,2.0,3600.0,CL 16-19-19-39,16.0,1.35,UDIMM,IT,DDR4
205818994,3f97346e63600bf15d03fc7c2276733a,HP 16GB DDR4-3200 (13L74AA),RAM DDR4,,,123.46,13,False,strezniki.net/it,14.9,False,False,16.0,16.0,1.0,3200.0,,,1.2,UDIMM,IT,DDR4
200618213,6ce733da047de8e0d20f71e0e8a2e82b,Kingston 16GB SO-DIMM DDR4-3200 CL22 (KCP432SD8/16),RAM DDR4,,,129.99,16,False,amazon-marketplace.it,0.0,False,False,16.0,16.0,1.0,3200.0,,22.0,1.2,SODIMM,IT,DDR4
203486953,719bc39f30e11849dc3f6603c0273936,XPG SPECTRIX D35G 16GB Kit DDR4-3600 CL18 (AX4U36008G18I-DTBKD35G),RAM DDR4,,,163.46,10,False,eweki.it,7.97,False,False,16.0,8.0,2.0,3600.0,CL 18-22-22,18.0,1.35,UDIMM,IT,DDR4
203461161,6216ee58027fe26d2b0252b5706f7069,Kingston FURY Beast RGB 32GB Kit DDR4-3200 CL16 (KF432C16BB2AK2/32),RAM DDR4,,,282.08,6,False,senetic.it,9.41,False,False,32.0,16.0,2.0,3200.0,CL 16-20-20,16.0,1.35,UDIMM,IT,DDR4
203387381,22f706a37b8aa2933b99e623876ad66d,XPG GAMMIX D35 64GB Kit DDR4-3200 CL16,RAM DDR4,,,489.2,9,False,redgaming.it,5.9,False,False,64.0,32.0,2.0,3200.0,CL 16-20-20,16.0,1.35,UDIMM,IT,DDR4
6195444,4a587c0ee1d746a05afdbbb56e684913,Corsair Vengeance RGB 16GB Kit DDR4-3200 CL16 (CMW16GX4M2C3200C16),RAM DDR4,10.0,100.0,170.31,3,False,amazon-marketplace.it,0.0,False,False,16.0,8.0,2.0,3200.0,CL 16-18-18-36,16.0,1.2,UDIMM,IT,DDR4
202093065,e949199fae3726f3de74180c64264c26,Synology 16GB DDR4-2666 (D4ES01-16G),RAM DDR4,,,486.0,11,False,mediaworld.it (MKP),0.0,False,False,16.0,16.0,1.0,,,,1.2,SODIMM,IT,DDR4
6196073,1cd5b12db17c401df043be855fb9f4b0,G.Skill TridentZ RGB 16GB Kit DDR4-3600 CL18 (F4-3600C18D-16GTZRX),RAM DDR4,39.0,90.0,153.04,8,False,amazon-marketplace.it,9.35,False,False,16.0,8.0,2.0,3600.0,CL 18-22-22-42,18.0,1.2,UDIMM,IT,DDR4
201541538,4699adc9fa7f7c255634f2bce82f17cb,ADATA Premier 16GB DDR4-3200 CL22 (AD4U320016G22-SGN),RAM DDR4,,,116.11,11,False,bpm-power.com/it,5.93,False,False,16.0,16.0,1.0,3200.0,CL 22-22-22,22.0,1.2,UDIMM,IT,DDR4
6121026,43195d58d88a503a0507cf8dd427a296,G.Skill Aegis 16GB DDR4-2666 CL19 (F4-2666C19S-16GIS),RAM DDR4,9.0,90.0,121.55,7,False,amazon-marketplace.it,0.0,False,False,16.0,16.0,1.0,2666.0,CL 19-19-19-43,19.0,1.2,UDIMM,IT,DDR4
202714083,8a6f8336856911344ebd8de9ac693932,Patriot Viper Steel 32GB SO-DIMM DDR4-3200 CL18 (PVS432G320C8S),RAM DDR4,,,219.99,5,False,ebay.it,0.0,False,False,32.0,32.0,1.0,3200.0,CL 22-22-22,22.0,1.35,SODIMM,IT,DDR4
200610619,7d700c02a414e06f71ed5e06fb130deb,G.Skill Ripjaws 32GB Kit SODIMM DDR4-3200 CL22 (F4-3200C22D-32GRS),RAM DDR4,25.0,100.0,222.74,8,False,bpm-power.com/it,8.11,False,False,32.0,16.0,2.0,3200.0,CL 22-22-22-52,22.0,1.25,SODIMM,IT,DDR4
203487165,9cbc57a0843bfaf5362c86b58dabc27d,Kingston FURY Beast RGB 16GB Kit DDR4-3200 CL16 (KF432C16BB2AK2/16),RAM DDR4,14.0,80.0,172.0,7,False,PC Componentes IT,0.0,False,False,16.0,8.0,2.0,3200.0,CL 16-18-18,16.0,1.35,UDIMM,IT,DDR4
200186791,aeaabc46d51e0f7325187b09ffe04d9d,HP 32GB DDR4-2933 (P00924-B21),RAM DDR4,,,471.6,11,False,it-planet.com/it/,35.0,False,False,32.0,32.0,1.0,2933.0,,,1.2,UDIMM,IT,DDR4
202714002,26152d0c1a90d43c99a221df8b250883,Patriot Viper Steel 16GB DDR4-3600 CL18 (PVS416G360C8),RAM DDR4,,,122.99,7,False,amazon-marketplace.it,0.0,False,False,16.0,16.0,1.0,3600.0,CL 18-22-22-42,18.0,1.35,UDIMM,IT,DDR4
5336203,aaa9888feb7600dff65a2ef819cb9642,G.Skill Trident Z RGB 16GB Kit DDR4-3200 CL16 (F4-3200C16D-16GTZR),RAM DDR4,1.0,100.0,140.04,9,False,bpm-power.com/it,5.98,False,False,16.0,8.0,2.0,3200.0,CL 16-18-18-38,16.0,1.35,UDIMM,IT,DDR4
6351888,fc341281aa6290f76112cca5cc00ad5e,Corsair Vengeance LPX 32GB DDR4-3200,RAM DDR4,,,313.7,7,False,redgaming.it,5.9,False,False,32.0,,,3200.0,,,,UDIMM,IT,DDR4
203393603,689ee2e676c49041a530dab8f1d0ff40,Kingston FURY Beast RGB 32GB Kit DDR4-3600 CL18 (KF436C18BB2AK2/32),RAM DDR4,9.0,100.0,330.68,15,False,amazon-marketplace.it,0.0,False,False,32.0,16.0,2.0,3600.0,CL 18-22-22,18.0,1.35,UDIMM,IT,DDR4
6721526,a53a320b091b360491babdf1fc96aa6a,G.Skill Trident Z Neo 32GB DDR4 DDR4-2400 CL18 (F4-3600C18D-32GTZN),RAM DDR4,,,245.7,9,False,redgaming.it,5.9,False,False,32.0,16.0,2.0,2400.0,CL 18-22-22-42,18.0,1.35,UDIMM,IT,DDR4
200936433,758c1b183a929fe61ffe27c1883b5421,Kingston 16GB DDR4-3200 CL22 (KCP432SS8/16),RAM DDR4,,,139.3,15,False,PC Componentes IT,0.0,False,False,16.0,16.0,1.0,3200.0,,22.0,1.2,UDIMM,IT,DDR4
201497725,9ebb0ef602a31ee9f04acaba63327db9,Patriot Viper Elite II 32GB Dual-Kit DDR4-3200 CL18 (PVE2432G320C8K),RAM DDR4,,,241.99,8,False,amazon-marketplace.it,0.0,False,False,32.0,16.0,2.0,3200.0,CL 18-22-22-42,18.0,1.35,UDIMM,IT,DDR4
6193678,d743a8d53953fef797b930d97f1b223d,G.Skill Trident Z RGB 32GB Kit DDR4-3200 CL16 (F4-3200C16D-32GTZRX),RAM DDR4,,,252.8,7,False,bpm-power.com/it,8.15,False,False,32.0,16.0,2.0,3200.0,CL 16-16-16-36,16.0,1.2,UDIMM,IT,DDR4
201541704,7d922f9e12fd10d77126bdfccb657c19,Team T-FORCE Vulcan Z 16GB Kit DDR4-3600 CL18 (TLZGD416G3600HC18JDC01),RAM DDR4,,,144.42,8,False,bpm-power.com/it,5.95,False,False,16.0,8.0,2.0,3600.0,CL 18-22-22-42,18.0,1.35,UDIMM,IT,DDR4
201525976,c4a8172c22262a8a80ddc4653150fd04,GoodRAM IRDM PRO 32GB Dual-Kit DDR4-3600 CL18 (IRP-K3600D4V64L18/32GDC),RAM DDR4,1.0,100.0,234.3,8,False,4trade.store,9.8,False,False,32.0,16.0,2.0,3600.0,CL 18-22-22,18.0,1.35,UDIMM,IT,DDR4
200592808,f9ab2e420f065705d19bc8b046c152f7,Patriot Signature Line 16GB SO-DIMM DDR4-2400 CL17 (PSD416G24002S),RAM DDR4,,,119.9,11,False,ebay.it,0.0,False,False,16.0,16.0,1.0,2400.0,CL 17-17-17-39,17.0,1.2,SODIMM,IT,DDR4
6721547,70406adda96561d42414ab1170f439de,G.Skill RipJaws 32GB DDR4 DDR4-2666 CL19 (F4-2666C19D-32GRS),RAM DDR4,,,222.4,9,False,redgaming.it,5.9,False,False,32.0,16.0,2.0,2666.0,CL 19-19-19-43,19.0,1.2,UDIMM,IT,DDR4
201526075,1c8cc539b261aec819c9e95d2241810d,GoodRAM IRDM X 8GB DDR4-3200 CL16 (IR-X3200D464L16S/8G),RAM DDR4,,,61.55,7,False,4trade.store,9.8,False,False,8.0,8.0,1.0,3200.0,CL 16-18-18,16.0,1.35,UDIMM,IT,DDR4
200186806,9387595e404e7601bb07f2b50fd6a109,Kingston 8GB DDR4-3200 CL22 (KVR32N22S8/8),RAM DDR4,,,76.7,17,False,redgaming.it,5.9,False,False,8.0,8.0,1.0,3200.0,CL 22-22-22,22.0,1.2,UDIMM,IT,DDR4
200683989,f21a5e92a50f892aa96c81c411afe604,G.Skill Ripjaws 16GB SO-DIMM DDR4-3200 CL22 (F4-3200C22S-16GRS),RAM DDR4,,,111.85,8,False,bpm-power.com/it,5.93,False,False,16.0,16.0,1.0,3200.0,CL 22-22-22-52,22.0,1.2,SODIMM,IT,DDR4
200936447,390ef20b4543572cea5b0c04320f6ea6,Kingston 32GB DDR4-3200 CL22 (KTD-PE432/32G),RAM DDR4,,,443.58,7,False,PC Componentes IT,0.0,False,False,32.0,32.0,1.0,3200.0,,22.0,1.2,UDIMM,IT,DDR4
201516981,0c4c86fae4c1812740e40fe308a5520c,Transcend JetRAM 32GB DDR4-3200 CL22 (JM3200HLE-32G),RAM DDR4,,,229.99,8,False,amazon-marketplace.it,0.0,False,False,32.0,32.0,1.0,3200.0,CL 22-22-22,22.0,1.2,UDIMM,IT,DDR4
203387146,108aed270b4e00402d0fc3a9767e9045,XPG GAMMIX D35 32GB Kit DDR4-3200 CL16,RAM DDR4,,,260.5,11,False,redgaming.it,5.9,False,False,32.0,16.0,2.0,3200.0,CL 16-20-20,16.0,1.35,UDIMM,IT,DDR4
4866888,0f045a4dda9e5ac75d7a7a00ba12dba6,G.Skill Trident Z 16GB Kit DDR4-3200 CL16 (F4-3200C16D-16GTZB),RAM DDR4,,90.0,255.08,7,False,kaufland.it,17.0,False,False,16.0,8.0,2.0,3200.0,CL 16-18-18-38,16.0,1.35,UDIMM,IT,DDR4
6844919,b20678795199264d66c496a1b4e126c2,Patriot Viper Steel 16GB Kit DDR4-3600 CL17 (PVS416G360C7K),RAM DDR4,45.0,90.0,147.3,7,False,kaufland.it,14.0,False,False,16.0,8.0,2.0,3600.0,CL 17-19-19-39,17.0,1.35,UDIMM,IT,DDR4
6351497,10f58fc59c6827deb0580921f75b4dc3,Corsair Vengeance LPX 16GB DDR4-2666,RAM DDR4,,,174.18,9,False,reichelt.com (IT),9.95,False,False,16.0,,,2666.0,,,,UDIMM,IT,DDR4
203564804,77b88204c988a363e92a588021d57e17,Kingston FURY Renegade 32GB Kit DDR4-3200 CL16 (KF432C16RB12K2/32),RAM DDR4,,,362.19,6,False,kaufland.it,0.0,False,False,32.0,16.0,2.0,3200.0,CL 16-18-18,16.0,1.35,UDIMM,IT,DDR4
6156648,ccc467f7a035572e6f47488c446a4794,G.Skill Trident Z RGB 16GB Kit DDR4-3200 CL16 (F4-3200C16D-16GTZRX),RAM DDR4,,,143.17,7,False,bpm-power.com/it,5.98,False,False,16.0,8.0,2.0,3200.0,CL 16-16-16-36,16.0,1.2,UDIMM,IT,DDR4
208804556,acac1ec778fdc96973a336035b176a11,Synology D4NS01-4G,RAM DDR4,,,231.53,5,False,pixmania.com (IT),0.0,False,False,4.0,4.0,1.0,,,,1.2,SODIMM,IT,DDR4
202398666,c904f9cb502ad9dde71d6bbf7686652b,"GoodRAM 32 GB RAM DDR4 1 x 32GB, 3200 MHz, DDR4-RAM, SO-DIMM, PC3200 CL22, Memoria RAM, verde",RAM DDR4,,,204.99,9,False,kaufland.it,0.0,False,False,32.0,32.0,1.0,3200.0,,22.0,,SODIMM,IT,DDR4
6846028,2b980777156ccbf15565ab52e6080a01,G.Skill Trident Z Neo 32GB Kit DDR4-3200 CL16 (F4-3200C16D-32GTZN),RAM DDR4,43.0,80.0,257.4,10,False,redgaming.it,5.9,False,False,32.0,16.0,2.0,3200.0,CL 16-18-18-38,16.0,1.35,UDIMM,IT,DDR4
201541815,2f4536dcc8f222508c8a617c82759faa,Corsair Vengeance LPX 16GB Kit DDR4-3200 CL16 (CMK16GX4M2E3200C16W),RAM DDR4,4.0,80.0,161.27,5,False,PC Componentes IT,0.0,False,False,16.0,8.0,2.0,3200.0,CL 16-20-20-38,16.0,1.35,UDIMM,IT,DDR4
203270834,52f43110cbd7326341410381d31d2a7d,XPG GAMMIX D35 8GB DDR4-3200 CL16,RAM DDR4,,,73.33,12,False,amazon-marketplace.it,7.95,False,False,8.0,8.0,1.0,3200.0,CL 16-20-20,16.0,1.35,UDIMM,IT,DDR4
201579256,749a9856829bde2454e358d9941a7a48,Corsair Vengeance RGB RS 32GB Dual-Kit DDR4-3200 CL16 (CMG32GX4M2E3200C16),RAM DDR4,65.0,90.0,316.53,13,False,PC Componentes IT,0.0,False,False,32.0,16.0,2.0,3200.0,CL 16-20-20-38,16.0,1.35,UDIMM,IT,DDR4
203566002,5a3f84c28479de6629fd30bb99615c81,Kingston FURY Renegade 64GB DDR4-3600 CL16 (KF436C16RB12K4/64),RAM DDR4,,,1075.14,5,False,kaufland.it,0.0,False,False,64.0,16.0,4.0,3600.0,CL 16-20-20,16.0,1.35,UDIMM,IT,DDR4
207742240,5435038bcf30f33d11d5911eac3131a2,Synology 4GB DDR4-2666 (D4ES04-4G),RAM DDR4,,,198.0,10,False,mediaworld.it (MKP),0.0,False,False,4.0,4.0,1.0,2666.0,,,1.2,SODIMM,IT,DDR4
201513802,9101aa39d38a211b3e47714e351192db,HPE SmartMemory 64GB DDR4-2933 CL21 (P00930-B21),RAM DDR4,,,608.78,9,False,strezniki.net/it,14.9,False,False,64.0,64.0,1.0,2933.0,CL 21-21-21,21.0,1.2,UDIMM,IT,DDR4
200283689,e72b1fdcd731f81ccb31a1323bb3e83d,Kingston ValueRAM 4GB DDR4-3200 CL22 (KVR32N22S6/4),RAM DDR4,,,31.04,7,False,kaufland.it,14.9,False,False,4.0,4.0,1.0,3200.0,CL 22-22-22,22.0,1.2,UDIMM,IT,DDR4
203270366,15ab6b128dbd1f4090516067199da425,XPG GAMMIX D35 16GB DDR4-3200 CL16,RAM DDR4,,,135.03,9,False,amazon-marketplace.it,12.04,False,False,16.0,16.0,1.0,3200.0,CL 16-20-20,16.0,1.35,UDIMM,IT,DDR4
203565034,8d4d124f807c9a352792d2661ae2396f,Kingston FURY Renegade 64GB Kit DDR4-3200 CL16 (KF432C16RB2K2/64),RAM DDR4,,,1024.18,6,False,reichelt.com (IT),9.95,False,False,64.0,32.0,2.0,3200.0,CL 16-19-19,16.0,1.35,UDIMM,IT,DDR4
202828421,035b55bc171f62a6fb0da50556467bea,Corsair Vengeance LPX 16GB Kit DDR4-2400,RAM DDR4,,,182.1,8,False,amazon-marketplace.it,0.0,False,False,16.0,,,2400.0,,,,UDIMM,IT,DDR4
200641289,879b8f5451ab044934ed81a30c3a680e,Kingston ValueRAM 8GB SO-DIMM DDR4-3200 CL22 (KVR32S22S6/8),RAM DDR4,1.0,100.0,85.18,7,False,kaufland.it,0.0,False,False,8.0,8.0,1.0,3200.0,,22.0,1.2,SODIMM,IT,DDR4
5283409,5e64d5f6204984bedb55fbe32df7f489,Corsair Vengeance 32GB Kit SODIMM PC4-19200 CL16 (CMSX32GX4M2A2400C16),RAM DDR4,,,299.0,8,False,amazon-marketplace.it,0.0,False,False,32.0,16.0,2.0,2400.0,,16.0,1.2,SODIMM,IT,DDR4
207382380,30ce52053ef5046c0f052e15145b595a,Silicon Power 8GB DDR4-2400 CL22 (SP008GBLFU240X02),RAM DDR4,,,77.61,6,False,amazon-marketplace.it,14.0,False,False,8.0,8.0,1.0,2400.0,,22.0,1.2,UDIMM,IT,DDR4
201523074,c47a85ed1dd3b2b717b40ebce3d796d4,Kingston FURY Beast 128GB Quad-Kit DDR4-3200 CL16 (KF432C16BBK4/128),RAM DDR4,,,2176.16,5,False,amazon-marketplace.it,0.0,False,False,128.0,32.0,4.0,3200.0,CL 16-20-20,16.0,1.35,UDIMM,IT,DDR4
5377171,162541cdf11fa50f3d528af0091554cd,Patriot 4GB DDR4-2400 CL16 (PSD44G240081),RAM DDR4,,,39.54,5,False,esseshop.it,5.98,False,False,4.0,4.0,1.0,2400.0,CL 16-16-16-36,16.0,1.35,UDIMM,IT,DDR4
4763664,0702a639a58f4a6de27e348ed4725a5c,Corsair Vengeance 8GB DDR4-2400 CL14 (CMK8GX4M1A2400C14),RAM DDR4,,,88.07,8,False,reichelt.com (IT),9.95,False,False,8.0,8.0,1.0,2400.0,CL 14-16-16-31,14.0,1.2,UDIMM,IT,DDR4
200684092,87fa15d1d7f2cc5e3dd855d205f8570c,Patriot Viper Steel 16GB Kit DDR4-3600 CL18 (PVS416G360C8K),RAM DDR4,40.0,90.0,139.99,5,False,amazon-marketplace.it,0.0,False,False,16.0,8.0,2.0,3600.0,CL 18-22-22-42,18.0,,UDIMM,IT,DDR4
201053853,40d085d3aad0e6341d8f461e5c930424,Corsair Vengeance RGB Pro SL 32GB Kit DDR4-3200 CL16 (CMH32GX4M2E3200C16),RAM DDR4,,,340.99,6,False,corsair.com/it,0.0,False,False,32.0,16.0,2.0,3200.0,CL 16-20-20-38,16.0,1.35,UDIMM,IT,DDR4
201495676,ac8c07540c5c5b58952e67a6855ebd8c,Team T-Force Vulcan Z 16GB DDR4-3200 CL16 (TLZGD416G3200HC16F01),RAM DDR4,4.0,100.0,141.9,9,False,alternate.it,19.9,False,False,16.0,16.0,1.0,3200.0,CL 16-20-20-40,16.0,1.35,UDIMM,IT,DDR4
202287163,74b3ed8e191e20da9348e9c63ed44d1a,Kingston FURY Beast 16GB Kit DDR5-6000 CL36 (KF560C36BBEK2-16),RAM DDR5,2.0,100.0,298.4,15,False,redgaming.it,5.9,False,False,16.0,8.0,2.0,6000.0,CL 36-38-38,36.0,1.35,UDIMM,IT,DDR5
204159850,307d6bbae876f8ee5ba943818a41721c,Team T-Create Expert 32GB Kit DDR5-6000 CL30 (CTCWD532G6000HC30DC01),RAM DDR5,,,435.21,7,False,bpm-power.com/it,8.41,False,False,32.0,16.0,2.0,6000.0,CL 30-36-36-76,30.0,1.35,UDIMM,IT,DDR5
205789971,ddd369421a485cb840b2071769a09b54,G.Skill Flare X5 96GB Kit DDR5-6000 CL30,RAM DDR5,,,2019.66,7,False,amazon-marketplace.it,9.27,False,False,96.0,,,6000.0,CL 30-36-36-96,30.0,1.35,UDIMM,IT,DDR5
203077469,4d9f36ffd7c7d77f8af370e7b8e315f0,Crucial 32GB DDR5-5600 CL46 (CT32G56C46S5),RAM DDR5,4.0,80.0,371.99,10,False,PC Componentes IT,0.0,False,False,32.0,32.0,1.0,5600.0,CL 46-45-45,46.0,1.1,SODIMM,IT,DDR5
203006824,5361f78fb93db83afa7ad96d9a609f6f,Crucial 64GB Kit DDR5-5600 CL46 (CT2K32G56C46S5),RAM DDR5,3.0,100.0,249.01,5,False,mediaworld.it (MKP),7.5,False,False,64.0,32.0,2.0,5600.0,CL 46-45-45,46.0,1.1,SODIMM,IT,DDR5
204432985,93a8e5c6c9a07d5b407ec9409580646d,Patriot Viper Venom 64GB Kit DDR5-6000 CL30 (PVV564G600C30K),RAM DDR5,,,339.32,11,False,mediaworld.it (MKP),7.5,False,False,64.0,32.0,2.0,6000.0,CL 30-40-40-76,30.0,1.35,UDIMM,IT,DDR5
209425829,ad09ec0ebbd437c9efd9e9fc04e40b5a,Corsair Vengeance RGB RS 32GB Kit DDR5-5200 CL40 (CMG32GX5M2B5200Z40),RAM DDR5,,,417.0,2,False,amazon-marketplace.it,0.0,False,False,32.0,16.0,2.0,5200.0,CL 40-40-40-77,40.0,1.25,UDIMM,IT,DDR5
201662459,a4fde80e51851e1d127ce06249b32ba9,Crucial 32GB DDR5-4800 CL40 (CT32G48C40U5),RAM DDR5,35.0,80.0,353.41,14,False,eweki.it,8.11,False,False,32.0,32.0,1.0,4800.0,CL 40-39-39,40.0,1.1,UDIMM,IT,DDR5
204416022,fe642e73733de4a5127e3af8089083f1,Crucial Pro Overclocking 32GB Kit DDR5-6000 CL36 (CP2K16G60C36U5W),RAM DDR5,160.0,100.0,425.0,11,False,amazon-marketplace.it,,False,False,32.0,16.0,2.0,6000.0,CL 36-38-38-80,36.0,1.35,UDIMM,IT,DDR5
204104040,ffae0457072b3a3bc7a09d5ab687c398,Kingston FURY Beast 32GB Kit DDR5-6000 CL30,RAM DDR5,1.0,100.0,290.7,27,False,mediaworld.it (MKP),7.5,False,False,32.0,16.0,2.0,6000.0,CL 30-36-36,30.0,1.4,UDIMM,IT,DDR5
201942266,99d19c58d13966dbcdf2b82d4f4d6d55,Crucial 16GB DDR5-4800 CL40 (CT16G48C40S5),RAM DDR5,192.0,90.0,179.8,11,False,ebay.it,0.0,False,False,16.0,16.0,1.0,4800.0,CL 40-39-39,40.0,1.1,SODIMM,IT,DDR5
202345042,ac86f1c56988ae3637b4d6bddb3b927f,Patriot Viper Venom 32GB Kit DDR5-6400 CL32 (PVV532G640C32K),RAM DDR5,16.0,90.0,407.65,14,False,esseshop.it,0.0,False,False,32.0,16.0,2.0,6400.0,CL 32-40-40-84,32.0,1.4,UDIMM,IT,DDR5
202297159,9b0d3f98ef1dce0e508aa9dc82c59a2e,Kingston FURY Beast RGB 16GB Kit DDR5-6000 CL36 (KF560C36BBEAK2-16),RAM DDR5,,,289.9,14,False,Nexths.it,10.5,False,False,16.0,8.0,2.0,6000.0,CL 36-38-38,36.0,1.35,UDIMM,IT,DDR5
202133093,fea43804668899ce1ee13beed216910c,G.Skill Trident Z5 Neo RGB 32GB Kit DDR5-6000 CL30 (F5-6000J3038F16GX2-TZ5NR),RAM DDR5,2.0,90.0,241.55,11,False,mediaworld.it (MKP),7.5,False,False,32.0,16.0,2.0,6000.0,CL 30-38-38-96,30.0,1.35,UDIMM,IT,DDR5
204735413,17309a1600838bf4165f0b552911c2d2,Kingston FURY Beast 16GB DDR5-6000 CL36 (KF560C36BBE2-16),RAM DDR5,,,266.64,12,False,bpm-power.com/it,8.15,False,False,16.0,16.0,1.0,6000.0,CL 36-44-44,36.0,1.35,UDIMM,IT,DDR5
202227830,d0410d53bd5b4c7ebfc65557e50f3d75,G.Skill Trident Z5 RGB 32GB Kit DDR5-8000 CL38 (F5-8000J3848H16GX2-TZ5RK),RAM DDR5,,,330.78,7,False,mediaworld.it (MKP),7.5,False,False,32.0,16.0,2.0,8000.0,CL 38-48-48-128,38.0,1.45,UDIMM,IT,DDR5
205174505,40db51814b6e09c33fbba18166e1b2c6,Corsair Vengeance 16GB Kit DDR5-5200 CL40 (CMK16GX5M2B5200Z40),RAM DDR5,,,241.93,8,False,PC Componentes IT,0.0,False,False,16.0,8.0,2.0,5200.0,CL 40-40-40-77,40.0,1.1,UDIMM,IT,DDR5
205128732,8edb54576526f8126c7a34a9ddc12d16,Klevv Cras V RGB 32GB Kit DDR5-6000 CL30,RAM DDR5,,,455.95,3,False,Amazon.it,0.0,False,False,32.0,16.0,2.0,6000.0,CL 30-36-36-76,30.0,1.35,UDIMM,IT,DDR5
202249571,789e6bb8d59721735d97c5a728990afc,Corsair Vengeance RGB 32GB Kit DDR5-6000 CL30 (CMH32GX5M2B6000Z30K),RAM DDR5,3.0,90.0,526.86,17,False,amazon-marketplace.it,0.0,False,False,32.0,16.0,2.0,6000.0,CL 30-36-36-76,30.0,1.4,UDIMM,IT,DDR5
204734974,36417869429354b0308ca19ed2ec5284,Kingston FURY Beast RGB 16GB DDR5-6000 CL36 (KF560C36BBE2A-16),RAM DDR5,,,264.98,7,False,PC Componentes IT,0.0,False,False,16.0,16.0,1.0,4800.0,CL 36-44-44,36.0,1.35,UDIMM,IT,DDR5
201989916,3446b51fba5a3c52284a6dfafd066061,Kingston FURY Beast RGB 32GB Kit DDR5-5600 CL40 (KF556C40BBAK2-32),RAM DDR5,,60.0,443.59,9,False,PC Componentes IT,0.0,False,False,32.0,16.0,2.0,5600.0,CL 40-40-40,40.0,1.25,UDIMM,IT,DDR5
202160975,bb8292fb12a98740263e45ec3585c6f0,Patriot Viper Venom 16GB Kit DDR5-5600 CL40 (PVV516G560C40K),RAM DDR5,16.0,90.0,237.99,6,False,amazon-marketplace.it,0.0,False,False,16.0,8.0,2.0,5600.0,CL 40-40-40-76,40.0,1.25,UDIMM,IT,DDR5
204159849,df733f5cbf2b32d38d0e2d749d643ba8,Team T-Create Expert 32GB Kit DDR5-6000 CL30 (CTCED532G6000HC30DC01),RAM DDR5,1.0,100.0,435.21,10,False,bpm-power.com/it,8.41,False,False,32.0,16.0,2.0,6000.0,CL 30-36-36-76,30.0,1.35,UDIMM,IT,DDR5
205528273,884a020572426cb2fb84150b6893f6ed,Patriot Viper Venom RGB 32GB DDR5-6000 CL30 (PVVR532G60C30),RAM DDR5,1.0,100.0,424.99,6,False,amazon-marketplace.it,0.0,False,False,32.0,32.0,1.0,6000.0,CL 30-40-40-76,30.0,1.35,UDIMM,IT,DDR5
204096091,a44c2b59308fd871501a8b45e66d84e0,Kingston FURY Beast 16GB DDR5-6000 CL30 (KF560C30BBE-16),RAM DDR5,2.0,100.0,263.0,13,False,mediaworld.it (MKP),0.0,False,False,16.0,16.0,1.0,6000.0,CL 30-36-36,30.0,1.4,UDIMM,IT,DDR5
208991355,c4e6346bf8de0b19419012f7b6f8baf9,Corsair Vengeance RGB 8GB DDR5-5200 CL40 (CMH8GX5M1B5200C40),RAM DDR5,,,140.85,6,False,amazon-marketplace.it,8.97,False,False,8.0,8.0,1.0,5200.0,CL 40-40-40-77,40.0,1.25,UDIMM,IT,DDR5
204115996,183cbde8aa08d21fa151717daab87a09,Kingston FURY Beast 8GB DDR5-6000 CL30 (KF560C30BBE-8),RAM DDR5,,,148.18,7,False,bpm-power.com/it,6.43,False,False,8.0,8.0,1.0,6000.0,CL 30-36-36,30.0,1.4,UDIMM,IT,DDR5
201816033,09f75a70e99ea264c043982ab84de9e6,G.Skill Trident Z5 RGB 32GB DDR5-6400 CL32 (F5-6400J3239G16GX2-TZ5RK),RAM DDR5,5.0,100.0,513.7,9,False,redgaming.it,5.9,False,False,32.0,16.0,2.0,6400.0,CL 32-39-39-102,32.0,1.4,UDIMM,IT,DDR5
205590830,be15cffb091063975cb017fd4f6d4cb5,Corsair Vengeance 32GB Kit DDR5-6400 CL36 (CMK32GX5M2B6400Z36),RAM DDR5,26.0,100.0,249.0,8,False,ebay.it,0.0,False,False,32.0,16.0,2.0,6400.0,CL 36-48-48-104,36.0,1.35,UDIMM,IT,DDR5
203836356,a7e97471637f9b13bf771833ee353700,G.Skill Trident Z5 Neo RGB 64GB Kit DDR5-6000 CL30 (F5-6000J3036G32GX2-TZ5NRW),RAM DDR5,,,507.71,8,False,mediaworld.it (MKP),7.5,False,False,64.0,32.0,2.0,6000.0,CL 30-36-36-96,30.0,1.4,UDIMM,IT,DDR5
209544204,1791792d4d40d8d3d84f7027555c1237,Corsair Vengeance RGB 16GB Kit DDR5-6000 CL36 (CMH16GX5M2E6000Z36),RAM DDR5,,,265.5,14,False,amazon-marketplace.it,12.69,False,False,16.0,8.0,2.0,6000.0,CL 36-44-44-96,36.0,1.35,UDIMM,IT,DDR5
206040264,d52770618eaf1c7ef1546da3783eb0d6,Crucial Pro 128GB Kit DDR5-5600 (CP2K64G56C46U5),RAM DDR5,,,1400.0,3,False,amazon-marketplace.it,0.0,False,False,128.0,64.0,2.0,5600.0,CL 46-45-45,46.0,1.1,UDIMM,IT,DDR5
208996389,5c928949ce6947d3776eb692f31f3a39,Corsair Vengeance 8GB DDR5-5200 CL40 (CMK8GX5M1B5200C40),RAM DDR5,,,137.5,11,False,Nexths.it,10.5,False,False,8.0,8.0,1.0,5200.0,CL 40-40-40-77,40.0,1.25,UDIMM,IT,DDR5
204432987,80a88ba5d1d0dd3395639d5427c5e423,Patriot Viper Venom 32GB Kit DDR5-6000 CL30 (PVV532G600C30K),RAM DDR5,31.0,100.0,154.69,13,False,mediaworld.it (MKP),7.5,False,False,32.0,16.0,2.0,6000.0,CL 30-40-40-76,30.0,1.35,UDIMM,IT,DDR5
202593473,1b90bee33d716484680cc32b0cc45f55,Kingston FURY Beast RGB 32GB Kit DDR5-5600 CL40 (KF556C40BWAK2-32),RAM DDR5,,,243.43,8,False,amazon-marketplace.it,13.0,False,False,32.0,16.0,2.0,5600.0,CL 40-40-40,40.0,1.25,UDIMM,IT,DDR5
209671360,f795da073ea034cb4525e97d87e40356,Corsair Vengeance 16GB Kit DDR5-6000 CL36 (CMK16GX5M2E6000Z36),RAM DDR5,,100.0,267.99,13,False,amazon-marketplace.it,0.0,False,False,16.0,8.0,2.0,6000.0,CL 36-44-44-96,36.0,1.35,UDIMM,IT,DDR5
204104243,e10cd4cbb3a887bc84e1024fb96a1412,Kingston FURY Beast RGB 16GB Kit DDR5-6000 CL30 (KF560C30BBEAK2-16),RAM DDR5,,,310.43,6,False,bpm-power.com/it,8.24,False,False,16.0,8.0,2.0,6000.0,CL 30-36-36,30.0,1.4,UDIMM,IT,DDR5
204112741,e279c01670328a3e679ebde9810a0693,Kingston FURY Beast RGB 32GB DDR5-6000 CL30 (KF560C30BBA-32),RAM DDR5,,,172.05,1,False,amazon-marketplace.it,13.0,False,False,32.0,32.0,1.0,6000.0,CL 30-36-36,30.0,1.4,UDIMM,IT,DDR5
206837140,3b8f9a079ee14cf347516314b8c271aa,Patriot Viper Elite 5 RGB 32GB Kit DDR5-6000 CL30 (PVER532G60C30KW),RAM DDR5,,,457.99,4,False,amazon-marketplace.it,0.0,False,False,32.0,16.0,2.0,6000.0,CL 30-40-40-76,30.0,1.35,UDIMM,IT,DDR5
202593459,a609a758ba977f1de631089f5a83db32,Kingston FURY Beast RGB 32GB DDR5-5600 CL36 (KF556C36BWEA-32),RAM DDR5,,,163.04,8,False,amazon-marketplace.it,13.0,False,False,32.0,32.0,1.0,5600.0,CL 36-38-38,36.0,1.25,UDIMM,IT,DDR5
203094996,d1b3901560c4f413761a5fdf83f5ea8e,Corsair Vengeance 32GB Kit DDR5-6000 CL30 (CMK32GX5M2B6000Z30),RAM DDR5,150.0,100.0,517.22,17,False,amazon-marketplace.it,0.0,False,False,32.0,16.0,2.0,6000.0,CL 30-36-36-76,30.0,1.4,UDIMM,IT,DDR5
204432989,a016045ca25db61bbcebe54cb5813667,Patriot Viper Venom RGB 32GB Kit DDR5-6000 CL30 (PVVR532G600C30K),RAM DDR5,,90.0,204.24,16,False,mediaworld.it (MKP),7.5,False,False,32.0,16.0,2.0,6000.0,CL 30-40-40-76,30.0,1.35,UDIMM,IT,DDR5
204115987,9ff98b115845fa6765ab12fba551d4be,Kingston FURY Beast 16GB Kit DDR5-6000 CL30 (KF560C30BBEK2-16),RAM DDR5,,,302.91,15,False,bpm-power.com/it,8.22,False,False,16.0,8.0,2.0,6000.0,CL 30-36-36,30.0,1.4,UDIMM,IT,DDR5
209055129,bfb3dca8c0eaa0e4073daaff8aa1e0b6,Patriot Viper Elite 5 16GB DDR5-6000 CL30 (VEB516G6030W),RAM DDR5,,,224.2,6,False,trippodo.com/it,6.99,False,False,16.0,16.0,1.0,6000.0,CL 30-40-40-76,30.0,1.35,UDIMM,IT,DDR5
202577768,4277689dbe078ea150de8f1a4d4e703e,Kingston FURY Beast RGB 64GB Kit DDR5-5600 CL36 (KF556C36BWEAK2-64),RAM DDR5,,,398.52,2,False,amazon-marketplace.it,13.0,False,False,64.0,32.0,2.0,5600.0,CL 36-38-38,36.0,1.25,UDIMM,IT,DDR5
203367360,eb64e05acdf6bdf46b643ec47e7f8eba,Corsair Vengeance 32 GB Kit DDR5-6000 CL36 (CMK32GX5M2E6000Z36),RAM DDR5,129.0,90.0,408.0,6,False,kaufland.it,17.49,False,False,32.0,16.0,2.0,6000.0,CL 36-44-44-96,36.0,1.35,UDIMM,IT,DDR5
202591548,6d9a104afd33915b43dd4f2a25fa8447,Kingston FURY Beast RGB 16GB DDR5-5200 CL40 (KF552C40BWA-16),RAM DDR5,,,123.68,1,False,amazon-marketplace.it,13.0,False,False,16.0,16.0,1.0,5200.0,CL 40-40-40,40.0,1.25,UDIMM,IT,DDR5
205964740,222ed647bff568c45906f1f681533889,Corsair Vengeance 32GB Kit DDR5-6000 CL36 (CMK32GX5M2E6000Z36W),RAM DDR5,,,449.0,6,False,amazon-marketplace.it,0.0,False,False,32.0,16.0,2.0,6000.0,CL 36-44-44-96,36.0,1.35,UDIMM,IT,DDR5
202284828,c1667e074db29e6ebbf9bfb3631b4982,Crucial 16GB DDR5-5600 CL46 (CT16G56C46S5),RAM DDR5,,,199.9,14,False,Qbuy.it,205.51,False,False,16.0,16.0,1.0,5600.0,CL 46-45-45,46.0,1.1,SODIMM,IT,DDR5
206561758,147d6f7b12d8b872cc6623eb17d206b0,Patriot Viper Venom 16GB DDR5-6000 CL30 (PVV516G60C30),RAM DDR5,20.0,90.0,235.7,8,False,reichelt.com (IT),9.95,False,False,16.0,16.0,1.0,6000.0,,30.0,1.35,UDIMM,IT,DDR5
203424247,5506f55b420e78af9ff7fd393c63bd92,Corsair Vengeance RGB 32GB Kit DDR5-6000 CL36 (CMH32GX5M2E6000Z36),RAM DDR5,,,448.99,12,False,Amazon.it,0.0,False,False,32.0,16.0,2.0,6000.0,CL 36-44-44-96,36.0,1.4,UDIMM,IT,DDR5
205590481,0633ce09c82da8d96d71401398596c09,Patriot Viper Venom RGB 16GB DDR5-6000 CL30 (PVVR516G60C30),RAM DDR5,12.0,100.0,236.99,9,False,amazon-marketplace.it,0.0,False,False,16.0,16.0,1.0,6000.0,CL 30-40-40-76,30.0,1.35,UDIMM,IT,DDR5
205112474,e9dea55b9fada1d35f363663df009521,Corsair Vengeance RGB 16GB Kit DDR5-5200 CL40 (CMH16GX5M2B5200C40),RAM DDR5,,,262.1,12,False,PC Componentes IT,0.0,False,False,16.0,8.0,2.0,5200.0,CL 40-40-40-77,40.0,1.25,UDIMM,IT,DDR5
204101930,e0172469344a8e406f1f171703268341,Kingston FURY Beast RGB 32GB Kit DDR5-6000 CL30,RAM DDR5,1.0,100.0,240.89,24,False,mediaworld.it (MKP),7.5,False,False,32.0,16.0,2.0,6000.0,CL 30-36-36,30.0,1.4,UDIMM,IT,DDR5
202284827,6173822e24828e2c3714fbcd6ac2b712,Crucial 32GB Kit DDR5-5600 CL46 (CT2K16G56C46S5),RAM DDR5,,,369.99,11,False,Amazon.it,0.0,False,False,32.0,16.0,2.0,5600.0,CL 46-45-45,46.0,1.1,SODIMM,IT,DDR5
203216033,5c26feb4c65fa8822700a710c72b5d6c,Corsair Vengeance 96GB Kit DDR5-5600 CL40 (CMK96GX5M4B5600C40),RAM DDR5,,,1305.61,9,False,kaufland.it,99.0,False,False,96.0,24.0,4.0,5600.0,CL 40-40-40-77,40.0,1.25,UDIMM,IT,DDR5
205113076,28c5170dbbfddcdbff919671836073fe,Crucial Pro Overclocking 32GB Kit DDR5-6400 CL38 (CP2K16G64C38U5W),RAM DDR5,,70.0,449.99,12,False,amazon-marketplace.it,0.0,False,False,32.0,16.0,2.0,6400.0,CL 38-40-40-84,38.0,1.35,UDIMM,IT,DDR5
202161065,7660af2abe4f2cba0258b217e791dc54,G.Skill Trident Z5 RGB 32GB Kit DDR5-7200 CL34,RAM DDR5,,80.0,555.75,26,False,trippodo.com/it,6.99,False,False,32.0,16.0,2.0,7200.0,CL 34-45-45-115,34.0,1.4,UDIMM,IT,DDR5
209608599,1450230922fa5addc109fe350507d2f7,Patriot Viper Venom 16GB Kit DDR5-6000 CL36 (PVV516G600C36K),RAM DDR5,,,266.75,5,False,bpm-power.com/it,8.25,False,False,16.0,8.0,2.0,6000.0,CL 36-46-46-110,36.0,1.35,UDIMM,IT,DDR5
202577605,a5f87cbd40c3cfacf3a47620c5fa7b8a,Kingston FURY Beast 16GB DDR5-5600 CL36,RAM DDR5,1.0,100.0,245.1,21,False,bpm-power.com/it,8.16,False,False,16.0,16.0,1.0,5600.0,CL 36-38-38,36.0,1.25,UDIMM,IT,DDR5
203079904,bee9cb4a9e9fb8572c49e069c1af19e0,Crucial 48GB DDR5-5600 CL46 (CT48G56C46S5),RAM DDR5,8.0,80.0,559.0,4,False,PC Componentes IT,0.0,False,False,48.0,48.0,1.0,,CL 46-45-45,46.0,1.1,SODIMM,IT,DDR5
204101932,25d9e4a8c5d48d9cbe25d8db96eae94c,Kingston FURY Beast RGB 32GB Kit DDR5-6000 CL30 (KF560C30BBEAK2-32),RAM DDR5,1.0,100.0,499.0,12,False,ollo.it,5.9,False,False,32.0,16.0,2.0,6000.0,CL 30-36-36,30.0,1.4,UDIMM,IT,DDR5
209054382,43f6807a466a78b50efd8a7eac0c5cf7,Crucial Pro OC 16GB DDR5-6400 CL32,RAM DDR5,,,265.33,8,False,bpm-power.com/it,8.16,False,False,16.0,16.0,1.0,6400.0,CL 32-40-40-103,32.0,1.35,UDIMM,IT,DDR5
202222126,ece4fd9acae94a578507946cf2c96272,Kingston 16GB DDR5-4800 CL40 (KVR48S40BS8-16),RAM DDR5,,,115.74,1,False,amazon-marketplace.it,0.0,False,False,16.0,16.0,1.0,4800.0,CL 40-39-39,40.0,1.1,SODIMM,IT,DDR5
212083840,4cf2b2aec5e637e1bcb678f0012a21a6,GEIL Orion V RGB DDR5 16GB 6000MHz grigio (GAVSG516GB6000C38CSC),RAM DDR5,,,214.9,1,False,ebay.it,5.5,False,False,16.0,,,,CL 38-48-48-84,38.0,,,IT,DDR5
203263217,51ae3ff8ac997855ca665a7e7f63700c,Crucial Pro 64GB Kit DDR5-5600 CL46 (CP2K32G56C46U5),RAM DDR5,86.0,90.0,809.99,10,False,Amazon.it,0.0,False,False,64.0,32.0,2.0,5600.0,CL 46-45-45,46.0,1.1,UDIMM,IT,DDR5
204105595,31b147efec225bae86d3904705b20e50,Kingston FURY Beast RGB 64GB Kit DDR5-6000 CL30 (KF560C30BBEAK2-64),RAM DDR5,,,865.39,6,False,ePrice,0.0,False,False,64.0,32.0,2.0,6000.0,CL 30-36-36,30.0,1.4,UDIMM,IT,DDR5
204724988,3af06dcebec0336fb98d8fe678e3eb52,G.Skill Trident Z5 Royal Neo 32GB Kit DDR5-6000 CL28 (F5-6000J2836G16GX2-TR5NS),RAM DDR5,,70.0,319.22,8,False,mediaworld.it (MKP),7.5,False,False,32.0,16.0,2.0,6000.0,CL 28-36-36-96,28.0,1.4,UDIMM,IT,DDR5
202510774,66a5f29004f2e350c50a1c559f50a994,Kingston ValueRAM 16GB DDR5-5600 CL46 (KVR56S46BS8-16),RAM DDR5,,,231.85,22,False,PC Componentes IT,0.0,False,False,16.0,16.0,1.0,5600.0,CL 46-45-45,46.0,1.1,SODIMM,IT,DDR5
202219774,1cd75f6cc7effddc2c42e96085565dba,Patriot Viper Venom 32GB Kit DDR5-6000 CL36 (PVV532G600C36K),RAM DDR5,18.0,80.0,156.34,16,False,mediaworld.it (MKP),7.5,False,False,32.0,16.0,2.0,6000.0,CL 36-36-36-76,36.0,1.25,UDIMM,IT,DDR5
212020419,3ac23786d37b01378a1215545ba3f7d6,Corsair Vengeance RGB RS 16GB Kit DDR5-6000 CL36 (CMG16GX5M2E6000Z36),RAM DDR5,,,259.4,2,False,Amazon.it,0.0,False,False,16.0,8.0,2.0,6000.0,CL 36-44-44-96,36.0,1.35,UDIMM,IT,DDR5
202204151,56079374fe7046b665e3af6c3f0c7e10,Team T-Force DELTA RGB 32GB Kit DDR5-6000 CL30 (FF4D532G6000HC30DC01),RAM DDR5,1.0,100.0,460.5,10,False,redgaming.it,5.9,False,False,32.0,16.0,2.0,6000.0,CL 30-36-36-76,30.0,1.35,UDIMM,IT,DDR5
201966477,4e4d96ad86e2c63473bf825753bf963d,Corsair Vengeance 16GB DDR5-4800 CL40 (CMSX16GX5M1A4800C40),RAM DDR5,,,220.04,5,False,pixmania.com (IT),0.0,False,False,16.0,16.0,1.0,4800.0,CL 40-40-40-77,40.0,1.1,SODIMM,IT,DDR5
203077808,05f9c7d81ddf2f9af0e9bda2c8eb6802,Corsair Vengeance RGB 32GB Kit DDR5-6000 CL30 (CMH32GX5M2B6000C30),RAM DDR5,,,559.0,6,False,galaxus.it,0.0,False,False,32.0,16.0,2.0,6000.0,CL 30-36-36-76,30.0,1.4,UDIMM,IT,DDR5
202275516,94b4cd1239fbf8f38f40b77d03c9c843,Crucial 32GB Kit DDR5-5600 CL46 (CT2K16G56C46U5),RAM DDR5,48.0,90.0,343.42,10,False,mediaworld.it (MKP),7.5,False,False,32.0,16.0,2.0,5600.0,CL 46-45-45,46.0,1.1,UDIMM,IT,DDR5
202916470,7d146a30f0e4514d55534da26486f702,Corsair Vengeance 32GB Kit DDR5-6000 CL30 (CMK32GX5M2B6000C30),RAM DDR5,93.0,90.0,519.99,11,False,Amazon.it,0.0,False,False,32.0,16.0,2.0,6000.0,CL 30-36-36-76,30.0,1.25,UDIMM,IT,DDR5
202293247,2a51caee13bf2546f89c4cb3faa6eec3,Crucial 16GB DDR5-5600 CL46 (CT16G56C46U5),RAM DDR5,33.0,100.0,209.9,14,False,Nexths.it,10.5,False,False,16.0,16.0,1.0,5600.0,CL 46-45-45,46.0,1.1,UDIMM,IT,DDR5
202182565,0292355c708870dcbf136599bbe8cb1c,G.Skill Trident Z5 Neo RGB 64GB Kit DDR5-6000 CL30 (F5-6000J3040G32GX2-TZ5NR),RAM DDR5,1.0,80.0,428.95,10,False,mediaworld.it (MKP),7.5,False,False,64.0,32.0,2.0,6000.0,CL 30-40-40-96,30.0,1.4,UDIMM,IT,DDR5
204002562,ee76d6667e19b3d1e12bf53b786e6267,Crucial Pro Overclocking 32GB Kit DDR5-6000 CL36 (CP2K16G60C36U5B),RAM DDR5,317.0,90.0,449.89,11,False,Amazon.it,0.0,False,False,32.0,16.0,2.0,6000.0,CL 36-38-38-80,36.0,1.35,UDIMM,IT,DDR5
204102514,62e96d1209c53d30cc4dc3c98002a28d,Kingston FURY Beast RGB 16GB DDR5-6000 CL30 (KF560C30BBEA-16),RAM DDR5,,,262.0,14,False,PC Componentes IT,0.0,False,False,16.0,16.0,1.0,6000.0,CL 30-36-36,30.0,1.4,UDIMM,IT,DDR5
202576961,8b42393ad55fb6232c6ad8f422c9fe3f,G.Skill Flare X5 32GB Kit DDR5-6000 CL30 (F5-6000J3038F16GX2-FX5),RAM DDR5,6.0,90.0,215.63,11,False,mediaworld.it (MKP),7.5,False,False,32.0,16.0,2.0,6000.0,CL 30-38-38-96,30.0,1.35,UDIMM,IT,DDR5
202153274,45e92772437a547616e4f344fca8c9cd,Patriot Viper Venom RGB 32GB Kit DDR5-5600 CL36 (PVVR532G560C36K),RAM DDR5,7.0,80.0,419.99,4,False,amazon-marketplace.it,0.0,False,False,32.0,16.0,2.0,5600.0,CL 36-36-36-68,36.0,1.25,UDIMM,IT,DDR5
209221823,414158fd0e01720bdcf66274a6660883,G.Skill Trident Z5 Neo RGB 256GB Kit DDR5-6000 CL32 (F5-6000J3244G64GX4-TZ5NR),RAM DDR5,,,6553.99,3,False,trippodo.com/it,6.99,False,False,256.0,64.0,4.0,6000.0,CL 32-44-44-96,32.0,1.4,UDIMM,IT,DDR5
204112905,c6d6abbf43b3fb966ccb9b9c76cac555,Kingston FURY Beast 32GB DDR5-6000 CL30,RAM DDR5,,,455.0,24,False,mediaworld.it (MKP),0.0,False,False,32.0,,,6000.0,CL 30-36-36,30.0,1.4,UDIMM,IT,DDR5
209123129,88dbd47869f1bed142c7a2c78c34cbce,G.Skill Flare X5 16GB Kit DDR5-6000 CL30 (F5-6000J3038F8GH2-FX5),RAM DDR5,,,302.4,8,False,redgaming.it,5.9,False,False,16.0,8.0,2.0,6000.0,CL 30-38-38-96,30.0,1.35,UDIMM,IT,DDR5
203476569,5a69d072869ac6255a3f2d4184805535,Kingston FURY Renegade RGB 64GB Kit DDR5-6400 CL32 (KF564C32RWAK2-64),RAM DDR5,,,647.18,6,False,amazon-marketplace.it,13.0,False,False,64.0,32.0,2.0,6400.0,CL 32-39-39,32.0,1.4,UDIMM,IT,DDR5
202735942,da43166df8ab2539f0ceb33a1801e5dc,Corsair Vengeance RGB 32GB Kit DDR5-6000 CL36 (CMH32GX5M2E6000C36),RAM DDR5,,,448.99,17,False,Amazon.it,0.0,False,False,32.0,16.0,2.0,6000.0,CL 36-44-44-96,36.0,1.4,UDIMM,IT,DDR5
204104042,6cef2dbf22cf096393e38a3e58c006bb,Kingston FURY Beast 32GB Kit DDR5-6000 CL30 (KF560C30BBEK2-32),RAM DDR5,5.0,100.0,519.0,16,False,PC Componentes IT,0.0,False,False,32.0,16.0,2.0,6000.0,CL 30-36-36,30.0,1.4,UDIMM,IT,DDR5
203263320,b6fdf1c0de414ed399810ec221459756,Corsair Dominator Titanium 32GB Kit DDR5-6000 CL30,RAM DDR5,50.0,90.0,659.99,13,False,Amazon.it,0.0,False,False,32.0,16.0,2.0,6000.0,CL 30-36-36-76,30.0,1.4,UDIMM,IT,DDR5
202133253,100dbdd3fcd31d69723c06da8edc5b8c,G.Skill Flare X5 32GB Kit DDR5-6000 CL36 (F5-6000J3636F16GX2-FX5),RAM DDR5,,,183.86,12,False,mediaworld.it (MKP),7.5,False,False,32.0,16.0,2.0,6000.0,CL 36-36-36-96,36.0,1.35,UDIMM,IT,DDR5
208422973,ef3e270f0bfc7c697fdff906fc102632,GoodRAM IRDM DDR5-6000 Kit 32GB (IR-6000D564L30S/32GDC),RAM DDR5,,,191.66,10,False,mediaworld.it (MKP),7.5,False,False,32.0,16.0,2.0,6000.0,,,1.35,UDIMM,IT,DDR5
202161311,691db42bf525f128866078abdf3bff85,Patriot Viper Venom RGB 32GB Kit DDR5-6000 CL36 (PVVR532G600C36K),RAM DDR5,16.0,90.0,193.19,10,False,mediaworld.it (MKP),7.5,False,False,32.0,16.0,2.0,6000.0,CL 36-36-36-76,36.0,1.25,UDIMM,IT,DDR5
203503845,de0db02e20a2801e2eb8bcab015bcbd0,XPG Lancer Blade 32GB Kit DDR5-6000 CL30 (AX5U6000C3016G-DTLABBK),RAM DDR5,1.0,80.0,453.99,5,False,PC Componentes IT,0.0,False,False,32.0,16.0,2.0,6000.0,CL 30-40-40,30.0,1.35,UDIMM,IT,DDR5
202128800,4d41bdd86168232a889df0e8bbedad44,G.Skill Trident Z5 Neo 32GB Kit DDR5-6000 CL30 (F5-6000J3038F16GX2-TZ5N),RAM DDR5,50.0,90.0,539.0,9,False,PC Componentes IT,0.0,False,False,32.0,16.0,2.0,6000.0,CL 30-38-38-96,30.0,1.35,UDIMM,IT,DDR5
202577172,a37b2272b221d2ffae67aa315c6d1de0,Kingston FURY Beast 32GB DDR5-5600 CL36,RAM DDR5,,80.0,450.99,21,False,reichelt.com (IT),9.95,False,False,32.0,32.0,1.0,5600.0,CL 36-38-38,36.0,1.25,UDIMM,IT,DDR5
202577604,6f4064367ffaa0dc0c4e08d1b230a70d,Kingston FURY Beast 16GB DDR5-5600 CL36 (KF556C36BWE-16),RAM DDR5,,,282.23,8,False,bpm-power.com/it,8.22,False,False,16.0,16.0,1.0,5600.0,CL 36-38-38,36.0,1.25,UDIMM,IT,DDR5
208519537,e56b53906364cc6101de25a797779d89,G.Skill Flare X5 64GB Kit DDR5-6000 CL30,RAM DDR5,,,396.17,8,False,mediaworld.it (MKP),7.5,False,False,64.0,32.0,2.0,6000.0,CL 30-40-40-96,30.0,1.4,UDIMM,IT,DDR5
202499703,65d1cb22506eb9c8b4e749f634fea239,Corsair Vengeance RGB 32GB Kit DDR5-6400 CL36 (CMH32GX5M2B6400C36),RAM DDR5,,,503.44,11,False,amazon-marketplace.it,0.0,False,False,32.0,16.0,2.0,6400.0,CL 36-48-48-104,36.0,1.4,UDIMM,IT,DDR5
204096090,1c81b97ed3658ce62f8863bf5ec841d2,Kingston FURY Beast 16GB DDR5-6000 CL30 (KF560C30BWE-16),RAM DDR5,,,273.02,13,False,PC Componentes IT,0.0,False,False,16.0,16.0,1.0,6000.0,CL 30-36-36,30.0,1.4,UDIMM,IT,DDR5
209425541,4856e86bdf777f83e965935d708e8902,Corsair Vengeance RGB RS 32GB Kit DDR5-5600 CL40 (CMG32GX5M2B5600Z40),RAM DDR5,,,438.99,2,False,Amazon.it,0.0,False,False,32.0,16.0,2.0,5600.0,CL 40-40-40-77,40.0,1.25,UDIMM,IT,DDR5
208963226,511cbb5a1ef6a774c64d862f1cebda33,Team T-Force VULCANα 32GB Kit DDR5-6000 CL30 (FLABD532G6000HC30DC01),RAM DDR5,,,490.84,3,False,bpm-power.com/it,8.5,False,False,32.0,16.0,2.0,6000.0,CL 30-36-36-76,30.0,1.35,UDIMM,IT,DDR5
203196596,5d517328194d1c9613959fc6e8f55a43,Corsair Vengeance RGB 32GB Kit DDR5-6000 CL36 (CMH32GX5M2E6000C36W),RAM DDR5,,,448.99,9,False,Amazon.it,0.0,False,False,32.0,16.0,2.0,6000.0,CL 36-44-44-96,36.0,1.4,UDIMM,IT,DDR5
203078719,c7a103b9413c6d4cc0a4054307adb54b,Crucial 24GB DDR5-5600 CL46 (CT24G56C46S5),RAM DDR5,6.0,90.0,295.6,4,False,kaufland.it,14.0,False,False,24.0,24.0,1.0,5600.0,CL 46-45-45,46.0,1.1,SODIMM,IT,DDR5
202251801,f10f2ba25145c0fb095a475a5755c3d7,Kingston FURY Renegade Silver 32GB Kit DDR5-7200 CL38 (KF572C38RSK2-32),RAM DDR5,,,644.86,7,False,reichelt.com (IT),9.95,False,False,32.0,16.0,2.0,7200.0,CL 38-44-44,38.0,1.45,UDIMM,IT,DDR5
204413887,266b65e0edd864bd134412ef52d99fca,G.Skill Trident Z5 Royal 64GB Kit DDR5-6400 CL32 (F5-6400J3239G32GX2-TR5S),RAM DDR5,,80.0,543.62,10,False,mediaworld.it (MKP),7.5,False,False,64.0,32.0,2.0,6400.0,CL 32-39-39-102,32.0,1.4,UDIMM,IT,DDR5
202133232,594dbe20aca521a87f13c2a3c5357dc7,Kingston FURY Beast RGB 32GB Kit DDR5-5600 CL36 (KF556C36BBEAK2-32),RAM DDR5,,,439.72,12,False,bpm-power.com/it,8.64,False,False,32.0,16.0,2.0,5600.0,CL 36-38-38,36.0,1.25,UDIMM,IT,DDR5
208926538,5bae24ab1101b4c77dfe4ddff2226966,G.Skill Flare X5 16GB Kit DDR5-5600 CL36 (F5-5600J3636C8GH2-FX5),RAM DDR5,,,290.5,9,False,redgaming.it,5.9,False,False,16.0,8.0,2.0,5600.0,CL 36-36-36-89,36.0,1.2,UDIMM,IT,DDR5
204560080,250d3777fb4baa4fab728fdd08ba625e,Corsair Vengeance 32GB DDR5-6000 CL38 (CMK32GX5M2B6000C38),RAM DDR5,,,433.99,9,False,Amazon.it,0.0,False,False,32.0,16.0,2.0,6000.0,CL 38-44-44-96,38.0,1.35,UDIMM,IT,DDR5
202287139,85a59d41ade7e23ef9de216624e98277,Kingston FURY Beast RGB 64GB Kit DDR5-6000 CL36 (KF560C36BBEAK2-64),RAM DDR5,,,937.64,7,False,PC Componentes IT,0.0,False,False,64.0,32.0,2.0,6000.0,CL 36-38-38-80,36.0,1.25,UDIMM,IT,DDR5
211567354,bcf03e9e01639b951fd1b815e5fe51f1,GoodRAM IRDM DDR5 16GB 5600MHz CL36 SR DIMM nero/argento,RAM DDR5,,,233.48,6,False,mediaworld.it (MKP),0.0,False,False,16.0,16.0,1.0,5600.0,,36.0,,UDIMM,IT,DDR5
205887514,209252efd5c1b16de7880481428b4b13,G.Skill Trident Z5 Neo RGB 32GB Kit DDR5-6000 CL26,RAM DDR5,,80.0,390.02,3,False,mediaworld.it (MKP),7.5,False,False,32.0,,,6000.0,CL 26-36-36-96,26.0,,UDIMM,IT,DDR5
204120100,cc6e4fa0b3a816af72621a100f977a92,Crucial Pro Overclocking 16GB DDR5-6000 CL36 (CP16G60C36U5B),RAM DDR5,,,249.99,7,False,kaufland.it,19.99,False,False,16.0,16.0,1.0,6000.0,CL 36-38-38-80,36.0,1.35,UDIMM,IT,DDR5
208822445,04405912e13886df82dd32efc11095c5,Lexar ARES RGB Gen2 32GB Kit DDR5-6000 CL30 (LD5U16G60C30BR-RGD),RAM DDR5,,,502.99,5,False,trippodo.com/it,6.99,False,False,32.0,16.0,2.0,6000.0,CL 30-38-38-76,30.0,1.4,,IT,DDR5
206040282,77c47d1cdd07ddb62e6e83f9a9da63a6,Crucial Pro OC 64GB Kit DDR5-6000 CL40 (CP2K32G60C40U5B),RAM DDR5,,,871.99,10,False,Amazon.it,0.0,False,False,64.0,32.0,2.0,6000.0,CL 40-40-40-80,40.0,1.35,UDIMM,IT,DDR5
203216017,b46a5394c5fd5783098a86c3c712445b,Corsair Vengeance RGB 32GB Kit DDR5-6000 CL30 (CMH32GX5M2B6000C30W),RAM DDR5,,,536.99,8,False,Amazon.it,0.0,False,False,32.0,16.0,2.0,6000.0,CL 30-36-36-76,30.0,1.4,UDIMM,IT,DDR5
202577736,12cff97beb551600391515482959afd3,Kingston FURY Beast 32GB DDR5-5600 CL40,RAM DDR5,,,443.59,21,False,PC Componentes IT,0.0,False,False,32.0,32.0,1.0,5600.0,CL 40-40-40,40.0,1.25,UDIMM,IT,DDR5
203002475,84faa38d37644be87f491d1554915d76,Corsair Vengeance RGB 64GB Kit DDR5-6000 CL30 (CMH64GX5M2B6000Z30),RAM DDR5,,,1158.61,13,False,galaxus.it,0.0,False,False,64.0,32.0,2.0,6000.0,CL 30-36-36-76,30.0,1.4,UDIMM,IT,DDR5
204107460,e2d1f4ea1705f7f19f75b080b8311bc8,Kingston FURY Beast RGB 32GB DDR5-6000 CL30 (KF560C30BBEA-32),RAM DDR5,,,509.0,8,False,PC Componentes IT,0.0,False,False,32.0,32.0,1.0,6000.0,CL 30-36-36,30.0,1.4,UDIMM,IT,DDR5
202673792,9944cb90ca7b812c7f5d9cd97072b05e,Corsair Vengeance RGB 64GB Kit DDR5-6400 CL32 (CMH64GX5M2B6400C32),RAM DDR5,,,1373.17,6,False,PC Componentes IT,0.0,False,False,64.0,32.0,2.0,6400.0,CL 32-40-40-84,32.0,1.4,UDIMM,IT,DDR5
201930829,87c6e210a3dea98ce42d75ffc095bb4a,G.Skill Ripjaws S5 64GB Kit DDR5-6000 CL30,RAM DDR5,4.0,80.0,1185.86,14,False,amazon-marketplace.it,9.27,False,False,64.0,32.0,2.0,6000.0,CL 30-40-40-96,30.0,1.4,UDIMM,IT,DDR5
202510770,d06f6db828e1d1af6bdba1c53e429942,Kingston ValueRAM 16GB Kit DDR5-5600 CL46 (KVR56U46BS8-16),RAM DDR5,,,248.0,15,False,mediaworld.it (MKP),0.0,False,False,16.0,16.0,1.0,5600.0,CL 46-45-45,46.0,1.1,UDIMM,IT,DDR5
206836961,d95158bbb068cdfd7b9daa78c9f0a7d0,Patriot Viper Elite 5 Ultra 32GB Kit DDR5-6000 CL28 (VEU532G6028K),RAM DDR5,3.0,90.0,485.84,7,False,bpm-power.com/it,8.5,False,False,32.0,16.0,2.0,6000.0,CL 28-40-40-100,28.0,1.4,UDIMM,IT,DDR5
206310916,cdbf9f6190d2db2e70e8214b6ed8fffd,Corsair Vengeance RGB 16GB DDR5-6000 CL36 (CMH16GX5M1E6000Z36),RAM DDR5,,,261.69,12,False,eweki.it,8.22,False,False,16.0,16.0,1.0,6000.0,CL 36-44-44-96,36.0,1.35,UDIMM,IT,DDR5
201869972,477724e55e5d6f553e7d58abba43c5ff,Kingston Fury Impact 8GB DDR5-4800 CL38 (KF548S38IB-8),RAM DDR5,,,145.0,15,False,redgaming.it,5.9,False,False,8.0,8.0,1.0,4800.0,CL 38-38-38,38.0,1.1,SODIMM,IT,DDR5
202115054,e7165d6b684875e85d2853dd1212e120,G.Skill Trident Z5 64GB Kit DDR5-6000 CL32,RAM DDR5,,,1080.4,25,False,redgaming.it,5.9,False,False,64.0,32.0,2.0,6000.0,CL 32-38-38-96,32.0,1.4,UDIMM,IT,DDR5
204104222,025f3726b318fc4f52bf891ea73c804f,Kingston FURY Beast 64GB Kit DDR5-6000 CL30 (KF560C30BBEK2-64),RAM DDR5,3.0,100.0,1048.54,12,False,PC Componentes IT,0.0,False,False,64.0,32.0,2.0,6000.0,CL 30-36-36,30.0,1.4,UDIMM,IT,DDR5
205579489,66bd2bab93cb664e635f1f84c6262ec3,Corsair Vengeance RGB 32GB Kit DDR5-6000 CL36 (CMH32GX5M2E6000Z36W),RAM DDR5,,,446.0,5,False,PC Componentes IT,0.0,False,False,32.0,16.0,2.0,6000.0,CL 36-44-44-96,36.0,1.4,UDIMM,IT,DDR5
201866827,3b1d7abfae8d4606bf32aeedf8a90ec4,Kingston FURY Beast 16GB Kit DDR5-5600 CL40 (KF556C40BBK2-16),RAM DDR5,,,294.15,15,False,bpm-power.com/it,8.19,False,False,16.0,8.0,2.0,5600.0,CL 40-40-40,40.0,1.25,UDIMM,IT,DDR5
202293362,bd929a5759dfebc36b988dcfc8acd39f,XPG Lancer RGB 32GB Kit DDR5-6400 CL32 (AX5U6400C3216G-DCLARBK),RAM DDR5,,,623.12,11,False,kaufland.it,9.0,False,False,32.0,16.0,2.0,6400.0,CL 32-39-39,32.0,1.35,UDIMM,IT,DDR5
204083553,99e44ca9a5effdfcbe45f6f70bd2edfd,Kingston FURY Beast RGB 64GB Kit DDR5-6400 CL32,RAM DDR5,,,1218.44,15,False,PC Componentes IT,0.0,False,False,64.0,32.0,2.0,6400.0,CL 32-39-39,32.0,1.4,UDIMM,IT,DDR5
206253102,350cf6f5486b1554b3efb06a2a605756,G.Skill Trident Z5 Neo RGB 64GB Kit DDR5-6000 CL26 (F5-6000J2636H32GX2-TZ5NR),RAM DDR5,,,729.28,6,False,mediaworld.it (MKP),7.5,False,False,64.0,32.0,2.0,6000.0,CL 26-36-36-96,26.0,1.45,UDIMM,IT,DDR5
201866999,535d6500bc6134d4f4f3a864e1b12b50,Kingston FURY Beast 16GB Kit DDR5-5200 CL40 (KF552C40BBK2-16),RAM DDR5,,,151.58,12,False,mediaworld.it (MKP),7.5,False,False,16.0,8.0,2.0,5200.0,CL 40-40-40,40.0,1.25,UDIMM,IT,DDR5
202510793,1620c4774a67b78ca0d1751d41195e9a,ADATA Premier 8GB Kit DDR5-5600 CL46 (AD5U56008G-S),RAM DDR5,,,128.55,9,False,eweki.it,7.99,False,False,8.0,8.0,1.0,5600.0,CL 46-45-45,46.0,1.25,UDIMM,IT,DDR5
204105572,e818125f1b2661d65723f0caf8285050,Kingston FURY Beast RGB 32GB DDR5-6400 CL32 (KF564C32BBEA-32),RAM DDR5,,,598.59,6,False,bpm-power.com/it,8.66,False,False,32.0,32.0,1.0,6400.0,CL 32-39-39,32.0,1.4,UDIMM,IT,DDR5
204417779,aadef397d08db48798bfdd867eeaa8a1,Corsair Vengeance RGB 32GB Kit DDR5-6000 CL38 (CMH32GX5M2B6000C38),RAM DDR5,,,428.99,13,False,Amazon.it,0.0,False,False,32.0,16.0,2.0,6000.0,CL 38-44-44-96,38.0,1.35,UDIMM,IT,DDR5
204104221,262a158fd32ec91bc717f286038cbd8d,Kingston FURY Beast 64GB Kit DDR5-6000 CL30 (KF560C30BWEK2-64),RAM DDR5,,,1063.1,10,False,redgaming.it,5.9,False,False,64.0,32.0,2.0,6000.0,CL 30-36-36,30.0,1.4,UDIMM,IT,DDR5
205110798,d1f850e080132176f176bba7706a431b,XPG Lancer Blade RGB 8GB DDR5-5600 CL46 (AX5U5600C468G-SLABRWH),RAM DDR5,,,140.8,7,False,redgaming.it,5.9,False,False,8.0,8.0,1.0,5600.0,CL 46-45-45,46.0,1.4,UDIMM,IT,DDR5
205619279,db64c70a919f2d4ae7f1b5fd480f94db,Kingston 64GB DDR5-6400 CL52 (KVR64A52BD8-64),RAM DDR5,,,899.0,12,False,ollo.it,5.9,False,False,64.0,64.0,1.0,6400.0,CL 52-52-52,52.0,1.1,,IT,DDR5
206194320,2ad1c83472623f14d4056c0becbefe5f,G.Skill Trident Z5 Royal Neo 64GB Kit DDR5-6000 CL26 (F5-6000J2636H32GX2-TR5NS),RAM DDR5,,,757.5,6,False,mediaworld.it (MKP),7.5,False,False,64.0,32.0,2.0,6000.0,CL 26-36-36-96,26.0,1.45,UDIMM,IT,DDR5
202309471,0fb35ee30ef21c1d3dac05f5fa2e98d5,Kingston FURY Beast RGB 32GB DDR5-5600 CL36 (KF556C36BBEA-32),RAM DDR5,,,477.49,9,False,trippodo.com/it,6.99,False,False,32.0,32.0,1.0,5600.0,CL 36-38-38,36.0,1.25,UDIMM,IT,DDR5
202499704,dedd9d1a3956bc846ded93ab3159edfb,Corsair Vengeance 32GB Kit DDR5-6400 CL36 (CMK32GX5M2B6400C36),RAM DDR5,,,540.54,5,False,kaufland.it,0.0,False,False,32.0,16.0,2.0,6400.0,CL 36-48-48-104,36.0,1.4,UDIMM,IT,DDR5
203079893,221a29de0c34be2458192108b8454781,Crucial 16GB Kit DDR5-5600 CL46 (CT2K8G56C46U5),RAM DDR5,6.0,100.0,344.33,8,False,senetic.it,9.36,False,False,16.0,8.0,2.0,5600.0,CL 46-45-45,46.0,1.1,UDIMM,IT,DDR5
201816032,9c594f8fef2157ab1142bd252bf4294a,G.Skill Trident Z5 RGB 32GB DDR5-6400 CL32 (F5-6400J3239G16GX2-TZ5RS),RAM DDR5,1.0,80.0,549.5,7,False,redgaming.it,5.9,False,False,32.0,16.0,2.0,6400.0,CL 32-39-39-102,32.0,1.4,UDIMM,IT,DDR5
202318550,34f57fccdc1af88f2e246819de284e08,Team Elite 16GB DDR5-6000 CL48 (TED516G6000C4801),RAM DDR5,,,209.54,6,False,bpm-power.com/it,8.1,False,False,16.0,16.0,1.0,6000.0,CL 48-48-48-96,48.0,1.1,UDIMM,IT,DDR5
202160278,bd8424cc42b9b6350a6e1e29e65e8685,Corsair Dominator Platinum RGB 64GB Kit DDR5-5600 CL40,RAM DDR5,,,1038.79,11,False,PC Componentes IT,0.0,False,False,64.0,32.0,2.0,5600.0,CL 40-40-40-77,40.0,1.25,UDIMM,IT,DDR5
204104113,aa37530f226a80cf3cc721723019da87,Kingston FURY Beast 64GB Kit DDR5-6400 CL32 (KF564C32BBEK2-64),RAM DDR5,,,1097.1,11,False,redgaming.it,5.9,False,False,64.0,32.0,2.0,6400.0,CL 32-39-39,32.0,1.4,UDIMM,IT,DDR5
201926963,45a31d39bec0eea18e508ef6dcfaf75f,G.Skill Trident Z5 RGB 32GB Kit DDR5-6000 CL30 (F5-6000J3040F16GX2-TZ5RK),RAM DDR5,,,561.0,8,False,bpm-power.com/it,8.64,False,False,32.0,16.0,2.0,6000.0,CL 30-40-40-96,30.0,1.35,UDIMM,IT,DDR5
204684290,a91feef08fef543bd475e3130421a88c,GoodRAM IRDM DDR5-6400 Kit 32GB (IR-6400D564L32S/32GDC),RAM DDR5,,,200.99,9,False,mediaworld.it (MKP),7.5,False,False,32.0,16.0,2.0,6400.0,CL 32-38-38-78,32.0,1.35,UDIMM,IT,DDR5
204855118,7f7829d6e48a99c032bed61de5dc1124,G.Skill Trident Z5 Neo RGB 32GB Kit DDR5-8000 C38 (F5-8000J3848H16GX2-TZ5NRW),RAM DDR5,,,1588.28,6,False,amazon-marketplace.it,0.0,False,False,32.0,16.0,2.0,8000.0,CL 38-48-48,38.0,1.45,UDIMM,IT,DDR5
204004297,ccdf5e31e7cd083a6b4407b5888eee10,Kingston 48GB DDR5-5600 CL46 (KSM56E46BD8KM-48HM),RAM DDR5,,,1463.01,8,False,bpm-power.com/it,10.07,False,False,48.0,48.0,1.0,5600.0,CL 46-45-45,46.0,1.1,UDIMM,IT,DDR5
202133062,d21a1349942eabda8467ad77885a4aa2,G.Skill Flare X5 32GB Kit DDR5-6000 CL32 (F5-6000J3238F16GX2-FX5),RAM DDR5,,,484.99,10,False,PC Componentes IT,0.0,False,False,32.0,16.0,2.0,6000.0,CL 32-38-38-96,32.0,1.35,UDIMM,IT,DDR5
202292269,0598368cc12c5f12cf5242c08d4f2b40,XPG Lancer RGB 32GB Kit DDR5-6000 CL30,RAM DDR5,,90.0,561.71,13,False,mediaworld.it (MKP),0.0,False,False,32.0,16.0,2.0,6000.0,CL 30-40-40,30.0,1.35,UDIMM,IT,DDR5
201662554,43aa76c12141d87e745e7fd830befd57,G.Skill Aegis 32GB Kit DDR4-3200 CL16 (F4-3200C16D-32GIS),DDR4-RAM,1.0,100.0,209.46,40,False,proshop.de,4.99,False,False,32.0,16.0,2.0,3200.0,CL 16-18-18-38,16.0,1.35,UDIMM,DE,DDR4
202588023,f83a0baf4b359b76bd4cd2b8833eb19d,Lexar 8GB DDR4-3200 CL19 (LD4AS008G-B3200GSST),DDR4-RAM,,,35.99,15,False,Amazon,0.0,False,False,8.0,8.0,1.0,3200.0,,19.0,1.2,SODIMM,DE,DDR4
6850476,c9eeaed950d532bef15c685acadcf92d,G.Skill Aegis 16GB Kit DDR4-3200 CL16 (F4-3200C16D-16GIS),DDR4-RAM,,,108.57,33,False,proshop.de,4.99,False,False,16.0,8.0,2.0,3200.0,CL 16-18-18-38,16.0,1.35,UDIMM,DE,DDR4
200610372,62c03734ff0ec497b04410e9e286c4f7,Crucial 16GB SODIMM DDR4-3200 CL22 (CT16G4SFRA32A),DDR4-RAM,4.0,100.0,104.9,41,False,eBay,0.0,False,False,16.0,16.0,1.0,3200.0,CL 22-22-22,22.0,1.2,SODIMM,DE,DDR4
6844737,7f5bf6d4daf029fde79143bbf28296e0,Corsair Vengeance LPX 32GB Kit DDR4-3200 CL16 (CMK32GX4M2E3200C16),DDR4-RAM,,,205.92,30,False,Amazon,0.0,False,False,32.0,16.0,2.0,3200.0,CL 16-20-20-38,16.0,1.35,UDIMM,DE,DDR4
202828670,a42c33206240d7ede0ae98f116b2e9c8,Crucial Pro 64GB Kit DDR4-3200 CL22 (CP2K32G4DFRA32A),DDR4-RAM,,,429.0,23,False,jacob.de,0.0,False,False,64.0,32.0,2.0,3200.0,CL 22-22-22,22.0,1.2,UDIMM,DE,DDR4
203566359,416ea44b28da9f3e74505b0195853bff,Kingston FURY Beast RGB 128GB Kit DDR4-3600 CL18 (KF436C18BB2AK4/128),DDR4-RAM,1.0,100.0,1274.5,11,False,electronis.de,6.9,False,False,128.0,32.0,4.0,3600.0,CL 18-22-22,18.0,1.35,UDIMM,DE,DDR4
6850146,913a375a6a3b1a1677dbbef08497206e,G.Skill Ripjaws V 32GB Kit DDR4-3600 CL16 (F4-3600C16D-32GVKC),DDR4-RAM,1.0,80.0,223.9,26,False,alternate.de,7.99,False,False,32.0,16.0,2.0,3600.0,CL 16-19-19-39,16.0,1.35,UDIMM,DE,DDR4
205819046,410ef7976fe183e5e62849b35ac243fd,Samsung 16GB DDR4-3200 (M471A2G43AB2-CWE),DDR4-RAM,,,83.49,4,False,eBay,5.99,False,False,16.0,16.0,1.0,3200.0,,,1.2,SODIMM,DE,DDR4
205079891,588f6aaf429c66a486e3bd418a76c656,Samsung M378A1K43CB2-CRC,DDR4-RAM,,,24.95,5,False,eBay,0.0,False,False,8.0,8.0,1.0,2400.0,CL 17-17-17,17.0,1.2,UDIMM,DE,DDR4
200568640,5e25634b5bfde22b388b47b984f014db,Crucial 16GB DDR4-3200 CL22 (CT16G4DFRA32A),DDR4-RAM,1.0,100.0,108.9,34,False,eBay,0.0,False,False,16.0,16.0,1.0,3200.0,CL 22-22-22,22.0,1.2,UDIMM,DE,DDR4
6721522,9f4457ca3f0959f06dbbb8e84e01c308,G.Skill Trident Z Neo 32GB DDR4 DDR4-3600 CL16 (F4-3600C16D-32GTZNC),DDR4-RAM,1.0,80.0,251.9,23,False,alza.de,4.99,False,False,32.0,16.0,2.0,3600.0,CL 16-19-19-39,16.0,1.35,UDIMM,DE,DDR4
200876454,cb8abd75e23bbdcf4bc65768e5805ffe,Corsair Vengeance RGB PRO 32GB Kit DDR4-3200 CL16 (CMW32GX4M2E3200C16),DDR4-RAM,2.0,100.0,307.4,20,False,25n.de,0.0,False,False,32.0,16.0,2.0,3200.0,CL 16-20-20-38,16.0,1.35,UDIMM,DE,DDR4
5336203,7d7bb76d1b5705dd891927fde487c34f,G.Skill Trident Z RGB 16GB Kit DDR4-3200 CL16 (F4-3200C16D-16GTZR),DDR4-RAM,1.0,100.0,125.9,24,False,proshop.de,4.99,False,False,16.0,8.0,2.0,3200.0,CL 16-18-18-38,16.0,1.35,UDIMM,DE,DDR4
200184952,957dadd3ebbaaa0dd7c2a79ee004005a,Crucial 32GB DDR4-3200 CL22 (CT32G4SFD832A),DDR4-RAM,,,235.2,6,False,it-veith.de,0.0,False,False,32.0,32.0,1.0,3200.0,,22.0,1.2,SODIMM,DE,DDR4
6846126,7af92f5ee512e56a74b77c108ab94bac,G.Skill Aegis 16GB DDR4-3200 CL16 (F4-3200C16S-16GIS),DDR4-RAM,1.0,100.0,102.9,30,False,alternate.de,7.99,False,False,16.0,16.0,1.0,3200.0,CL 16-18-18-38,16.0,1.35,UDIMM,DE,DDR4
201522900,7eb928ebbb79fdf861b0ea532cfca7ed,Kingston FURY Beast 16GB Dual-Kit DDR4-3200 CL16 (KF432C16BBK2/16),DDR4-RAM,64.0,100.0,151.95,39,False,it-veith.de,0.0,False,False,16.0,8.0,2.0,3200.0,CL 16-18-18,16.0,1.35,UDIMM,DE,DDR4
6844847,343befc45ffa6fc9c10a6ab182a52f42,G.Skill Aegis 8GB DDR4-3200 CL16 (F4-3200C16S-8GIS),DDR4-RAM,,,52.9,28,False,alza.de,4.99,False,False,8.0,8.0,1.0,3200.0,CL 16-18-18-38,16.0,1.35,UDIMM,DE,DDR4
200610286,14d7613af45b5b5e200342a54da50e42,Crucial 32GB Kit SODIMM DDR4-3200 CL22 (CT2K16G4SFRA32A),DDR4-RAM,,,239.95,19,False,Amazon Marketplace,0.0,False,False,32.0,16.0,2.0,3200.0,,22.0,1.2,SODIMM,DE,DDR4
201502124,8c3d19e425226c4e40a769873f385e9a,Kingston FURY Beast 16GB Dual-Kit DDR4-3600 CL17 (KF436C17BBK2/16),DDR4-RAM,,,154.9,34,False,alternate.de,7.99,False,False,16.0,8.0,2.0,3600.0,CL 17-21-21,17.0,1.35,UDIMM,DE,DDR4
200610271,4d53b41874ec4bc21d6d3447b8c092f1,Crucial 8GB SODIMM DDR4-3200 CL22 (CT8G4SFRA32A),DDR4-RAM,3.0,80.0,79.07,29,False,e-tec.at (DE),0.0,False,False,8.0,8.0,1.0,3200.0,CL 22-22-22,22.0,1.2,SODIMM,DE,DDR4
6851711,5417ff9793f2171c954d3714ecdbb79c,G.Skill Ripjaws V 32GB Kit DDR4-3600 CL18 (F4-3600C18D-32GVK),DDR4-RAM,16.0,90.0,229.61,22,False,jacob.de,0.0,False,False,32.0,16.0,2.0,3600.0,CL 18-22-22-42,18.0,1.35,UDIMM,DE,DDR4
4861621,a236cbfa0159d5003dd71b335d7208d2,Corsair Vengeance LPX 16GB Kit DDR4-3200 CL16 (CMK16GX4M2B3200C16),DDR4-RAM,1.0,100.0,134.89,20,False,eBay,0.0,False,False,16.0,8.0,2.0,3200.0,CL 16-18-18-36,16.0,1.35,UDIMM,DE,DDR4
205002010,bef208a78c3f5cc015eb678a20014276,Samsung 16GB DDR4-3200 (M471A2K43EB1-CWE),DDR4-RAM,,,89.9,8,False,eBay,0.0,False,False,16.0,16.0,1.0,3200.0,,,1.2,SODIMM,DE,DDR4
200425814,598a3fd1cde5a7850aaa17b073508470,G.Skill Ripjaws 16GB Kit DDR4-3600 CL18 (F4-3600C18D-16GVK),DDR4-RAM,1.0,100.0,116.9,29,False,alternate.de,7.99,False,False,16.0,8.0,2.0,3600.0,CL 18-22-22-42,18.0,1.35,UDIMM,DE,DDR4
201494125,b9a64945d5f114635f027d39b2fb5e77,Kingston FURY Beast 32GB Dual-Kit DDR4-3200 CL16 (KF432C16BB1K2/32),DDR4-RAM,6.0,100.0,298.9,33,False,alza.de,4.99,False,False,32.0,16.0,2.0,3200.0,CL 16-18-18,16.0,1.35,UDIMM,DE,DDR4
200568659,bfeb7f61f89609833e972b8e518ecedc,Crucial 8GB DDR4-3200 CL22 (CT8G4DFRA32A),DDR4-RAM,,,59.9,30,False,kaufland.de,5.9,False,False,8.0,8.0,1.0,3200.0,CL 22-22-22,22.0,1.2,UDIMM,DE,DDR4
201532633,92b5bb2f0a9f2212a4542329018c478f,Kingston FURY Impact 32GB Dual-Kit DDR4-3200 CL20 (KF432S20IBK2/32),DDR4-RAM,394.0,100.0,264.92,31,False,playox.de,5.99,False,False,32.0,16.0,2.0,3200.0,CL 20-22-22,20.0,1.2,SODIMM,DE,DDR4
200565710,e0daffa11f09ac82a555e413698e260a,Crucial 32GB Kit DDR4-3200 CL22 (CT2K16G4DFRA32A),DDR4-RAM,,,292.4,13,False,voelkner.de (Marktplatzhändler),0.0,False,False,32.0,16.0,2.0,3200.0,CL 22-22-22,22.0,1.2,UDIMM,DE,DDR4
7007959,981863dd942339ee2e71ba8dcfbf4fa6,Corsair Vengeance RGB PRO 32GB Kit DDR4-3600 CL18 (CMW32GX4M2D3600C18),DDR4-RAM,,,332.9,2,False,it-veith.de,0.0,False,False,32.0,16.0,2.0,3600.0,CL 18-22-22-42,18.0,1.35,UDIMM,DE,DDR4
202808168,cf47c97d7c05c991d870f70aafe7fcdb,Crucial Pro 32GB Kit DDR4-3200 CL22 (CP2K16G4DFRA32A),DDR4-RAM,1.0,100.0,224.99,26,False,galaxus.de,0.0,False,False,32.0,16.0,2.0,3200.0,CL 22-22-22,22.0,1.2,UDIMM,DE,DDR4
201545963,08a68c441ac083c0c65193dcc10baecd,Samsung 32GB DDR4-3200 (M471A4G43AB1-CWE),DDR4-RAM,,,189.9,3,False,eBay,0.0,False,False,32.0,32.0,1.0,3200.0,,,1.2,SODIMM,DE,DDR4
200610642,bcee6a8fe06b4f9ec717b2294271d2ce,Crucial 16GB SODIMM DDR4-2666 CL19 (CT16G4SFRA266),DDR4-RAM,,,104.9,2,False,eBay,0.0,False,False,16.0,16.0,1.0,2666.0,,19.0,1.2,SODIMM,DE,DDR4
201545973,025d18042efa848aa4339039b159f831,Samsung 16GB DDR4-3200 (M471A2K43DB1-CWE),DDR4-RAM,,,89.9,5,False,eBay,0.0,False,False,16.0,16.0,1.0,3200.0,,,1.2,SODIMM,DE,DDR4
5280236,ae265804ca917ff4543adb08c3421a64,G.Skill Aegis 16GB Kit DDR4-3000 CL16 (F4-3000C16D-16GISB),DDR4-RAM,527.0,90.0,107.9,26,False,alza.de,4.99,False,False,16.0,8.0,2.0,3000.0,CL 16-18-18-36,16.0,1.35,UDIMM,DE,DDR4
201523648,dd08df3c09d7f996781e6879384e0b6a,Kingston FURY Beast 32GB Dual-Kit DDR4-3200 CL16 (KF432C16BBK2/32),DDR4-RAM,,,260.9,41,False,alza.de,4.99,False,False,32.0,16.0,2.0,3200.0,CL 16-20-20,16.0,1.35,UDIMM,DE,DDR4
6923088,acdec2bd856133453ef10aa6fae79b27,Corsair Vengeance LPX 64GB Kit DDR4-3200 CL16 (CMK64GX4M2E3200C16),DDR4-RAM,,,599.0,4,False,notebooksbilliger.de,0.0,False,False,64.0,32.0,2.0,3200.0,CL 16-20-20-38,16.0,1.35,UDIMM,DE,DDR4
202713862,b0468a88606cddc98990c3f47ca5c2a3,Samsung 32GB DDR4-3200 (M378A4G43AB2-CWE),DDR4-RAM,,,189.9,5,False,kaufland.de,0.0,False,False,32.0,32.0,1.0,3200.0,,,1.2,UDIMM,DE,DDR4
6932493,b06e49634c076706c074f694075ef2d0,G.Skill Trident Z Royal 32GB Kit DDR4-3600 CL18 (F4-3600C18D-32GTRS),DDR4-RAM,,,271.13,5,False,e-tec.at (DE),0.0,False,False,32.0,,,3600.0,CL 18-22-22-42,18.0,1.2,UDIMM,DE,DDR4
200184964,73ef374516d601832084e9d3c1c209e1,Crucial 64GB Kit DDR4-3200 CL22 (CT2K32G4SFD832A),DDR4-RAM,,,561.97,14,False,kaufland.de,14.99,False,False,64.0,32.0,2.0,3200.0,,22.0,1.2,SODIMM,DE,DDR4
4866786,58a98dc88d78081d612321eda4461a51,G.Skill Ripjaws V 16GB Kit DDR4-3200 CL16 (F4-3200C16D-16GVKB),DDR4-RAM,4.0,90.0,110.9,26,False,alternate.de,7.99,False,False,16.0,8.0,2.0,3200.0,CL 16-18-18-38,16.0,1.35,UDIMM,DE,DDR4
200777172,7b5ca34cff11bc5595780b4c8eca36c3,Corsair Vengeance RGB PRO 8GB DDR4-3200 CL16 (CMW8GX4M1Z3200C16),DDR4-RAM,,,94.7,13,False,25n.de,0.0,False,False,8.0,8.0,1.0,3200.0,CL 16-18-18-36,16.0,,UDIMM,DE,DDR4
4885703,c368248355c42aebe0170fddb5281a0d,G.Skill Ripjaws V 32GB Kit DDR4-3200 CL16 (F4-3200C16D-32GVK),DDR4-RAM,,100.0,207.9,30,False,alternate.de,7.99,False,False,32.0,16.0,2.0,3200.0,CL 16-18-18-38,16.0,1.35,UDIMM,DE,DDR4
6722125,1b4b21949bd077c90077c471f2060fa0,Corsair Vengeance LPX 16 GB DDR4-3600 CL18 (CMK16GX4M2D3600C18),DDR4-RAM,,,202.99,14,False,corsair.com,0.0,False,False,16.0,8.0,2.0,3600.0,CL 18-22-22-42,18.0,1.35,UDIMM,DE,DDR4
211468567,1224f476ad11f38c9093765b0b4cb1db,Samsung 16GB Kit DDR54-3200 CL (M471A1K43DB1-CWE),DDR4-RAM,,,48.9,4,False,eBay,0.0,False,False,16.0,8.0,2.0,3200.0,,,1.2,SODIMM,DE,DDR4
5897449,e8cfb4fe8897cd2a6f8a3d43f083532d,Crucial 8GB SODIMM DDR4-2666 CL19 (CT8G4SFS8266),DDR4-RAM,1.0,100.0,59.9,4,False,kaufland.de,5.9,False,False,8.0,8.0,1.0,2666.0,CL 19-19-19,19.0,,SODIMM,DE,DDR4
5762993,c069abda4fc18d5f36745c560619d957,Samsung 8GB SODIMM DDR4-2400 CL17 (M471A1K43CB1-CRC),DDR4-RAM,,,59.9,4,False,eBay,0.0,False,False,8.0,8.0,1.0,2400.0,,17.0,,SODIMM,DE,DDR4
201522840,c73ecbe2175fc760b6ce71641bdf6230,Kingston Fury Beast 32GB DDR4-3200 CL16 (KF432C16BB/32),DDR4-RAM,,,259.0,28,False,notebooksbilliger.de,8.99,False,False,32.0,32.0,1.0,3200.0,CL 16-20-20,16.0,1.35,UDIMM,DE,DDR4
202717707,4280a5c9eee5999e13c966fab90e0e19,Samsung 16GB DDR4-3200 (M378A2G43AB3-CWE),DDR4-RAM,,,109.9,4,False,kaufland.de,0.0,False,False,16.0,16.0,1.0,3200.0,,,1.2,UDIMM,DE,DDR4
201494438,834a5a3484e822c0966290ab35baf101,Kingston FURY Beast 64GB Dual-Kit DDR4-3600 CL18 (KF436C18BBK2/64),DDR4-RAM,,90.0,675.95,17,False,kaufland.de,0.0,False,False,64.0,32.0,2.0,3600.0,CL 18-22-22,18.0,1.35,UDIMM,DE,DDR4
6823565,48cb7963669c8a0c3af8e1eaef51ba05,Samsung 32GB SODIMM DDR4-2666 CL19 (M471A4G43MB1-CTD),DDR4-RAM,,,174.9,2,False,eBay,0.0,False,False,32.0,32.0,1.0,2666.0,,19.0,1.2,SODIMM,DE,DDR4
6193634,26fa887cf077585cd61acaecd2fc7984,G.Skill Trident Z RGB 32GB Kit DDR4-3200 CL16 (F4-3200C16D-32GTZR),DDR4-RAM,1.0,100.0,231.9,22,False,alza.de,4.99,False,False,32.0,16.0,2.0,3200.0,CL 16-16-16-36,16.0,1.2,UDIMM,DE,DDR4
205286268,9729ab5baf90ef1a97d14f7fa5e0f914,Samsung 32GB DDR4 2666MHz Speicher für Dell 3510 SO-DIMM,DDR4-RAM,,,109.9,1,False,eBay,0.0,False,False,32.0,32.0,1.0,2666.0,,,,SODIMM,DE,DDR4
6845238,f4e6d172ef640059ce10ad88edb1db7d,Patriot Viper Steel 32 GB Kit DDR4-3200 CL16 (PVS432G320C6K),DDR4-RAM,174.0,80.0,218.17,15,False,jacob.de,0.0,False,False,32.0,16.0,2.0,3200.0,CL 16-18-18-36,16.0,1.35,UDIMM,DE,DDR4
6115960,005bff379479031b879b1fccc26f9d6c,Samsung 16GB DDR4-2666 CL19 (M378A2K43CB1-CTD),DDR4-RAM,14.0,90.0,89.8,4,False,eBay,0.0,False,False,16.0,16.0,1.0,2666.0,CL 16-18-18-35,16.0,1.2,UDIMM,DE,DDR4
6195444,bfe67a902b6b7274768b5e0394f4f4ba,Corsair Vengeance RGB 16GB Kit DDR4-3200 CL16 (CMW16GX4M2C3200C16),DDR4-RAM,13.0,100.0,189.9,4,False,arlt.com,6.99,False,False,16.0,8.0,2.0,3200.0,CL 16-18-18-36,16.0,1.2,UDIMM,DE,DDR4
5611313,4e4be214c7d54085bbfebfd89779b473,SK Hynix 8GB SODIMM DDR4-2400 CL17 (HMA81GS6AFR8N-UH),DDR4-RAM,2.0,90.0,42.9,7,False,eBay,0.0,False,False,8.0,8.0,1.0,2400.0,,17.0,,SODIMM,DE,DDR4
5701487,0830b8db3df491f5fc34c354429b7d36,Samsung 16GB SO-DIMM DDR4-2133 CL17 (M471A2K43BB1-CRC),DDR4-RAM,8.0,100.0,88.9,5,False,eBay,0.0,False,False,16.0,16.0,1.0,2133.0,,17.0,,SODIMM,DE,DDR4
200610638,e052d13d6f834a8d27c02654678c7b7c,Crucial 16GB Kit SODIMM DDR4-3200 CL22 (CT2K8G4SFRA32A),DDR4-RAM,,,135.0,8,False,onbuy.com/de,0.0,False,False,16.0,8.0,2.0,3200.0,,22.0,1.2,SODIMM,DE,DDR4
201904109,a854f827af1a59bdee155afbb09cd2f6,G.Skill Aegis 16GB Kit DDR4-2666 CL19 (F4-2666C19D-16GIS),DDR4-RAM,,,129.04,17,False,kaufland.de,9.0,False,False,16.0,8.0,2.0,2666.0,CL 19-19-19-43,19.0,1.2,UDIMM,DE,DDR4
200186806,1e6e79c036620fb6c2310f5298644769,Kingston 8GB DDR4-3200 CL22 (KVR32N22S8/8),DDR4-RAM,,,68.9,28,False,e-tec.at (DE),0.0,False,False,8.0,8.0,1.0,3200.0,CL 22-22-22,22.0,1.2,UDIMM,DE,DDR4
6111903,2fed393060a9f1bba16048ba24e72e49,G.Skill AEGIS 32GB Kit DDR4-3000 CL16 (F4-3000C16D-32GISB),DDR4-RAM,21.0,90.0,199.9,31,False,proshop.de,4.99,False,False,32.0,16.0,2.0,3000.0,CL 16-18-18-38,16.0,1.35,UDIMM,DE,DDR4
200289532,c728cd2119af973288e3acad51553f69,Corsair Vengeance LPX 32GB Kit DDR4-3600 CL18 (CMK32GX4M2Z3600C18),DDR4-RAM,,,271.7,13,False,it-veith.de,0.0,False,False,32.0,16.0,2.0,3600.0,CL 18-22-22-42,18.0,1.35,UDIMM,DE,DDR4
200618213,c8ba783edbdbf51adddcf1e087cc2d7e,Kingston 16GB SO-DIMM DDR4-3200 CL22 (KCP432SD8/16),DDR4-RAM,,,156.13,22,False,proshop.de,4.99,False,False,16.0,16.0,1.0,3200.0,,22.0,1.2,SODIMM,DE,DDR4
4885364,622dc9d23783427eed80775e77159d83,G.Skill Ripjaws V 16GB DDR4-3200 CL16 (F4-3200C16S-16GVK),DDR4-RAM,1.0,100.0,108.92,21,False,proshop.de,4.99,False,False,16.0,16.0,1.0,3200.0,CL 16-18-18-38,16.0,1.35,UDIMM,DE,DDR4
6351515,38bc6446696ccfbf735187ae12a649ea,Corsair Vengeance LPX 16GB DDR4-3000,DDR4-RAM,1.0,100.0,139.99,28,False,Amazon Marketplace,0.0,False,False,16.0,,,3000.0,,,,UDIMM,DE,DDR4
201493489,a8e566e37a5a07650230c5f4e1b30fe0,Kingston FURY Beast 64GB Dual-Kit DDR4-3200 CL16 (KF432C16BBK2/64),DDR4-RAM,3.0,100.0,596.78,22,False,galaxus.de,0.0,False,False,64.0,32.0,2.0,3200.0,CL 16-20-20,16.0,1.35,UDIMM,DE,DDR4
6846326,2a779d8a3dd9c6fc6ea4e6cd6047c863,G.Skill Trident Z RGB 32GB KIt DDR4-3600 CL18 (F4-3600C18D-32GTZR),DDR4-RAM,43.0,100.0,248.73,17,False,proshop.de,4.99,False,False,32.0,16.0,2.0,3600.0,CL 18-22-22-42,18.0,1.35,UDIMM,DE,DDR4
200333301,619525ad364daee917b581b0d7766ad3,Kingston ValueRam 8GB DDR4-3200 CL22 (KVR32S22S8/8),DDR4-RAM,,,64.0,27,False,ipc-computer.de,4.0,False,False,8.0,8.0,1.0,3200.0,CL 22-22-22,22.0,1.2,UDIMM,DE,DDR4
5283876,85482449329f3cef430e45f26aa4fef6,G.Skill Aegis 8GB DDR4-3000 CL16 (F4-3000C16S-8GISB),DDR4-RAM,142.0,90.0,55.8,21,False,playox.de,5.99,False,False,8.0,8.0,1.0,3000.0,CL 16-18-18-38,16.0,1.35,UDIMM,DE,DDR4
201524791,e4208df52ce243d65b4dec19f4a56b1f,Kingston FURY Beast 16GB DDR4-3200 CL16 (KF432C16BB/16),DDR4-RAM,,,156.0,32,False,Amazon Marketplace,0.0,False,False,16.0,16.0,1.0,3200.0,CL 16-20-20,16.0,1.35,UDIMM,DE,DDR4
211537514,0ebcc84701a55cd868b343ef2832ffbd,Samsung 16GB DDR4-2666 (M471A2K43CB1-CTD),DDR4-RAM,,,89.8,2,False,eBay,0.0,False,False,16.0,16.0,1.0,2666.0,,,1.2,SODIMM,DE,DDR4
6845241,f036d77c86b58e7d3d90ed2a1014a611,Patriot Viper Steel 16GB Kit DDR4-3200 CL16 (PVS416G320C6K),DDR4-RAM,108.0,90.0,121.9,11,False,alza.de,4.99,False,False,16.0,8.0,2.0,3200.0,CL 16-18-18-36,16.0,1.35,UDIMM,DE,DDR4
200720890,ce8efd0e0d25f19ed1c60604f446cde5,Corsair Vengeance SO-DIMM 32GB Kit DDR4-3200 CL22 (CMSX32GX4M2A3200C22),DDR4-RAM,378.0,90.0,232.9,23,False,it-veith.de,0.0,False,False,32.0,16.0,2.0,3200.0,CL 22-22-22-53,22.0,1.2,SODIMM,DE,DDR4
6160390,f0f15ab22ae67cb2c0ece93320cb3e83,Samsung 8GB DDR4-2666 (M378A1K43Cb2-CTD),DDR4-RAM,1.0,80.0,59.9,3,False,kaufland.de,5.9,False,False,8.0,8.0,1.0,2666.0,CL 19-19-19,19.0,1.2,UDIMM,DE,DDR4
6923073,743fb94379b50a9f338920d716d721f0,Corsair Vengeance LPX 32GB Kit DDR4-3600 CL18 (CMK32GX4M2D3600C18),DDR4-RAM,,,309.0,4,False,arlt.com,6.99,False,False,32.0,16.0,2.0,3600.0,CL 18-22-22-42,18.0,1.35,UDIMM,DE,DDR4
205041384,170a3011aecb34156196864ee0449fef,Samsung 32GB DDR4 2400 MHz ECC REG M393A4K40CB1-CRC PC4 Server Workstation,DDR4-RAM,,,88.9,3,False,eBay,0.0,False,False,32.0,32.0,1.0,2400.0,,,,UDIMM,DE,DDR4
6919673,d93e9155e72936fe4f0fd7704b84b3c5,G.Skill Trident Z Royal 32GB Kit DDR4-3200 CL16 (F4-3200C16D-32GTRS),DDR4-RAM,3.0,70.0,293.22,5,False,proshop.de,4.99,False,False,32.0,16.0,2.0,3200.0,CL 16-18-18-38,16.0,1.2,UDIMM,DE,DDR4
6172182,8d9a207e66ae9648ded93b21407179ed,Samsung 32GB DDR4-2666 CL19 (M393A4K40CB2-CTD),DDR4-RAM,,,184.9,6,False,eBay,0.0,False,False,32.0,32.0,1.0,2666.0,CL 19-23-23-45,19.0,1.2,UDIMM,DE,DDR4
6846318,e885f5aae29da37bca125a9f5cf70f0e,G.Skill Trident Z RGB 16GB Kit DDR4-3600 CL16 (F4-3600C16D-16GTZRC),DDR4-RAM,,,169.99,18,False,arlt.com,6.99,False,False,16.0,8.0,2.0,3600.0,CL 16-19-19-39,16.0,1.35,UDIMM,DE,DDR4
201483813,d92f0720b7b3c0b4bb1a290171dac8e6,Kingston FURY Beast 32GB Dual-Kit DDR4-3600 CL18 (KF436C18BBK2/32),DDR4-RAM,,,289.95,33,False,pollin.de,5.99,False,False,32.0,16.0,2.0,3600.0,CL 18-22-22,18.0,1.35,UDIMM,DE,DDR4
200382966,a0859b5571195ae41e58f9fd887ae7bf,Synology 4GB SODIMM DDR4-2666 (D4NESO-2666-4G),DDR4-RAM,76.0,90.0,106.66,25,False,voelkner.de (Marktplatzhändler),0.0,False,False,4.0,4.0,1.0,2666.0,,,1.2,SODIMM,DE,DDR4
202713851,c739bf953684c41b2edbce07fadaecfb,Samsung 64GB DDR4-3200 ECC (M393A8G40BB4-CWE),DDR4-RAM,,,799.0,20,False,eBay,0.0,False,False,64.0,64.0,1.0,3200.0,,,1.2,,DE,DDR4
202352990,5a765f5a5081b4447854b44c57cceee5,Kingston 32GB DDR4-3200 (KCP432ND8/32),DDR4-RAM,,,199.0,19,False,eBay,0.0,False,False,32.0,32.0,1.0,3200.0,,,,UDIMM,DE,DDR4
200136059,1aeed85e5a60cf7c9454b4bd129f2f0e,Corsair Vengeance LPX 256GB Kit DDR4-3200 CL16 (CMK256GX4M8E3200C16),DDR4-RAM,,,817.2,1,False,onbuy.com/de,0.0,False,False,256.0,64.0,4.0,3200.0,CL 16-20-20-38,16.0,1.2,UDIMM,DE,DDR4
5280329,713b33f89f429496cddf62a520cbbee8,Crucial 8GB SODIMM DDR4-2400 CL17 (CT8G4SFS824A),DDR4-RAM,5.0,100.0,77.0,3,False,Amazon Marketplace,0.0,False,False,8.0,8.0,1.0,2400.0,,17.0,,SODIMM,DE,DDR4
5885530,38faf57473c2d63a57fd4f19ff40c080,G.Skill TridentZ RGB 32GB,DDR4-RAM,,90.0,327.03,7,False,proshop.de,4.99,False,False,32.0,,,,,,,UDIMM,DE,DDR4
6351871,1afa5861d17594a240ef6d121006b055,Corsair Vengeance LPX 32GB Kit DDR4-3000,DDR4-RAM,,,323.49,7,False,kaufland.de,0.0,False,False,32.0,,,3000.0,,,,UDIMM,DE,DDR4
200273057,ae4e78a1091f85e972375d130ca36f01,Transcend JetRAM 8GB DDR4-2666 CL19 (JM2666HLB-8G),DDR4-RAM,7.0,100.0,44.74,9,False,Amazon,0.0,False,False,8.0,8.0,1.0,2666.0,,19.0,1.2,UDIMM,DE,DDR4
201532622,bf272ac5aff0c80a5c74790402d32769,Kingston FURY Impact 16GB Dual-Kit DDR4-3200 CL20 (KF432S20IBK2/16),DDR4-RAM,41.0,100.0,139.89,25,False,eBay,0.0,False,False,16.0,8.0,2.0,3200.0,CL 20-22-22,20.0,1.2,SODIMM,DE,DDR4
7007970,738b9c740b1f50cf4a8f13c6071defe0,G.Skill Ripjaws V 16GB Kit DDR4-3600 CL16,DDR4-RAM,,,139.75,9,False,jacob.de,0.0,False,False,16.0,8.0,2.0,3600.0,CL 16-19-19-39,16.0,1.2,UDIMM,DE,DDR4
200283660,17cf1acbfcd3bc228a8f7ea6bb85c306,Kingston ValueRAM 32GB DDR4-3200 CL22 (KVR32N22D8/32),DDR4-RAM,,,266.45,27,False,Amazon Marketplace,0.0,False,False,32.0,32.0,1.0,3200.0,CL 22-22-22,22.0,1.2,UDIMM,DE,DDR4
6196073,777f708bfe187b201544f7fbc8df7a73,G.Skill TridentZ RGB 16GB Kit DDR4-3600 CL18 (F4-3600C18D-16GTZRX),DDR4-RAM,39.0,90.0,135.24,21,False,proshop.de,4.99,False,False,16.0,8.0,2.0,3600.0,CL 18-22-22-42,18.0,1.2,UDIMM,DE,DDR4
201541714,0154e9dfa2ee0a5f86f857ccb5915f71,Kingston FURY Impact 64GB Kit DDR4-3200 CL17 (KF432S20IBK2/64),DDR4-RAM,125.0,90.0,922.26,25,False,galaxus.de,0.0,False,False,64.0,32.0,2.0,3200.0,CL 20-22-22,20.0,1.2,SODIMM,DE,DDR4
6111683,a57d2d240a91faf91aa6e0fb849f5ad5,G.Skill Aegis 16GB DDR4-3000 CL16 (F4-3000C16S-16GISB),DDR4-RAM,44.0,90.0,101.47,27,False,proshop.de,4.99,False,False,16.0,16.0,1.0,3000.0,CL 16-18-18-38,16.0,1.2,UDIMM,DE,DDR4
200568664,fc78d25f637306dd0d0b9f9d93d0b444,Crucial 8GB DDR4-2666 CL-19 (CT8G4DFRA266),DDR4-RAM,,,59.9,9,False,kaufland.de,5.9,False,False,8.0,8.0,1.0,2666.0,CL 19-19-19,19.0,1.2,UDIMM,DE,DDR4
211765216,adbd15fedb41de401f238ad9f9d4eebe,Intel Optane Persistent Memory 128GB DDR4 PC4-2666V-T ECC DIMM (NMA1XXD128GPS),DDR4-RAM,,,149.99,2,True,servershop24.de,6.99,False,False,128.0,128.0,1.0,2666.0,,,1.2,UDIMM,DE,DDR4
5047381,ab9a8458109b88fd42569b7f0234b8ce,Crucial DIMM 16GB Kit DDR4-2400 CL17 (CT2K8G4SFS824A),DDR4-RAM,1.0,100.0,159.9,2,False,Amazon Marketplace,0.0,False,False,16.0,8.0,2.0,2400.0,,17.0,,SODIMM,DE,DDR4
6844731,6a2094268342fa582d91b9f5c29c64c1,Corsair Vengeance RGB Pro 16GB Kit DDR4-3600 CL18 (CMW16GX4M2D3600C18),DDR4-RAM,,,218.99,3,False,corsair.com,0.0,False,False,16.0,8.0,2.0,3600.0,CL 18-22-22-42,18.0,1.35,UDIMM,DE,DDR4
6174036,86b0bb2298383d453a9e68d3104515fa,Samsung 8GB SODIMM DDR4-2666 (M471A1K43Cb1-Ctd),DDR4-RAM,1.0,100.0,64.0,4,False,ipc-computer.de,4.0,False,False,8.0,8.0,1.0,2666.0,,,1.2,SODIMM,DE,DDR4
205002523,f8fb321bacdecfa3c69441ddc4e4d261,HPE P06035-B21 - 64 GB - 1 x 64 GB - DDR4 - 3200 MHz - 288-pin DIMM,DDR4-RAM,,,1055.0,20,False,it-planet.com,0.0,False,False,64.0,64.0,1.0,3200.0,,,,UDIMM,DE,DDR4
202713642,0f61c436b52a9c69ad9019855ec22b03,Samsung 8GB SO-DIMM DDR4-3200 (M471A1K43EB1-CWE),DDR4-RAM,,,68.32,6,False,Amazon Marketplace,0.0,False,False,8.0,8.0,1.0,3200.0,,,1.2,SODIMM,DE,DDR4
211545802,76712380e851a6a0e2ce444e50d39d34,Origin Storage SO-DIMM DDR4 8GB 3200MHz 260-pin (OM8G43200SO1RX8NE12),DDR4-RAM,,,51.94,10,False,Amazon Marketplace,0.0,False,False,8.0,8.0,1.0,3200.0,,,1.2,SODIMM,DE,DDR4
6846353,d2f0dfe2db43cde8d0941a3ce2f5b5f4,G.Skill Trident Z RGB 32GB Kit DDR4-3600 CL16 (F4-3600C16D-32GTZRC),DDR4-RAM,17.0,100.0,298.77,16,False,proshop.de,4.99,False,False,32.0,16.0,2.0,3600.0,CL 16-19-19-39,16.0,1.35,UDIMM,DE,DDR4
201500906,d149f8e8b1b1fc88e8b455eac7a2d2df,Kingston FURY Beast 8GB Single-Kit DDR4-3200 CL16 (KF432C16BB/8),DDR4-RAM,,,82.63,30,False,bwzonline.de,5.95,False,False,8.0,8.0,1.0,3200.0,CL 16-18-18,16.0,1.35,UDIMM,DE,DDR4
6721523,ca8c238c32aa334e6a119ac8361e8c20,G.Skill Trident Z Neo 16GB DDR4 DDR4-3000 CL16 (F4-3600C16D-16GTZNC),DDR4-RAM,,,133.9,20,False,alza.de,4.99,False,False,16.0,8.0,2.0,3600.0,CL 16-19-19-39,16.0,1.35,UDIMM,DE,DDR4
203564796,9d3b34e9ca910b7ed2b161cb524d132a,Kingston FURY Renegade 32GB Kit DDR4-3600 CL16 (KF436C16RB12K2/32),DDR4-RAM,13.0,100.0,309.41,21,False,proshop.de,4.99,False,False,32.0,16.0,2.0,3600.0,CL 16-20-20,16.0,1.35,UDIMM,DE,DDR4
201102349,ec77dcb401946fb23a0b8bed6f00fc95,Corsair Vengeance RGB Pro SL 32GB Kit DDR4-3200 CL16 (CMH32GX4M2E3200C16W),DDR4-RAM,,,305.09,19,False,25n.de,0.0,False,False,32.0,16.0,2.0,3200.0,CL 16-20-20-38,16.0,1.35,UDIMM,DE,DDR4
203487165,3d016f2ea059690cfb2d30309d0c5b8c,Kingston FURY Beast RGB 16GB Kit DDR4-3200 CL16 (KF432C16BB2AK2/16),DDR4-RAM,14.0,80.0,158.9,21,False,alza.de,4.99,False,False,16.0,8.0,2.0,3200.0,CL 16-18-18,16.0,1.35,UDIMM,DE,DDR4
211476796,81eca5d77841ec619b4faa412ae33f27,G.Skill Aegis DDR4 16GB 3200MHz CL20 (F4-3200C20S-16GIS),DDR4-RAM,,,137.99,7,False,future-x.de,0.0,False,False,16.0,16.0,1.0,3200.0,,20.0,,UDIMM,DE,DDR4
201514609,0283690066ee93767ec5c234d198089b,Transcend JetRAM 16GB DDR4-3200 CL22 (JM3200HLE-16G),DDR4-RAM,,,185.52,10,False,25n.de,0.0,False,False,16.0,16.0,1.0,3200.0,CL 22-22-22,22.0,1.2,UDIMM,DE,DDR4
6111708,b41f56f7aef88c935808d60991700afd,G.Skill Value Series 16GB Kit DDR4-2666 CL19 (F4-2666C19D-16GNT),DDR4-RAM,,,133.62,18,False,proshop.de,4.99,False,False,16.0,8.0,2.0,2666.0,CL 19-23-23-45,19.0,1.2,UDIMM,DE,DDR4
203564637,99375cfe264a2ddb018879e66e44f1e5,Kingston FURY Beast RGB 32GB DDR4-3200 CL16 (KF432C16BB2A/32),DDR4-RAM,3.0,90.0,239.99,19,False,x-kom.de,6.99,False,False,32.0,32.0,1.0,3200.0,CL 16-20-20,16.0,1.35,UDIMM,DE,DDR4
6845959,5076c2fb4476530883f3fe6556e7bc28,G.Skill Trident Z Neo 64GB DDR4-3200 CL16 (F4-3200C16Q-64GTZN),DDR4-RAM,,,462.63,10,False,proshop.de,4.99,False,False,64.0,16.0,4.0,3200.0,CL 16-18-18-38,16.0,1.35,UDIMM,DE,DDR4
6351883,0e0b183ec80977b9c9f994a96981dac0,Corsair Vengeance LPX 32GB DDR4-2666,DDR4-RAM,,,249.99,18,False,kaufland.de,0.0,False,False,32.0,,,2666.0,,,,UDIMM,DE,DDR4
201495673,1c99c1b1d34c1283699f8586a4d6af16,Team T-Force Vulcan Z 16GB DDR4-3200 CL16,DDR4-RAM,4.0,100.0,132.79,16,False,voelkner.de,5.95,False,False,16.0,,,3200.0,CL 16-20-20-40,16.0,1.35,UDIMM,DE,DDR4
200777302,49acefc7d4884bbf69d4d0da3c1b3794,G.Skill Ripjaws 16GB Kit SO-DIMM DDR4-3200 CL22 (F4-3200C22D-16GRS),DDR4-RAM,,,110.3,22,False,proshop.de,4.99,False,False,16.0,8.0,2.0,3200.0,CL 22-22-22-52,22.0,1.2,SODIMM,DE,DDR4
5729922,fea6d63af3ff794a796494b759a32f9c,Samsung 16GB DDR4-2666 CL19 (M393A2K43BB1-CTD),DDR4-RAM,,,79.84,4,False,esus-it.de,,False,False,16.0,16.0,1.0,2666.0,CL 19-26-26-46,19.0,,UDIMM,DE,DDR4
6917429,fb78080a9dfa351540e3789ceea9b9cd,G.Skill Flare X 32GB Kit DDR4-3200 CL16 (F4-3200C16D-32GFX),DDR4-RAM,7.0,80.0,234.6,18,False,proshop.de,4.99,False,False,32.0,16.0,2.0,3200.0,CL 16-18-18-38,16.0,1.2,UDIMM,DE,DDR4
201053822,16f4ae8560fb1d8b9897ac3b4d47adf4,Corsair Vengeance RGB Pro SL 16GB Kit DDR4-3600 CL18 (CMH16GX4M2D3600C18),DDR4-RAM,,,159.9,2,False,arlt.com,6.99,False,False,16.0,8.0,2.0,3600.0,CL 18-22-22-42,18.0,1.35,UDIMM,DE,DDR4
6932557,fdbfbea3edae546bab30486bbb776774,G.Skill Trident Z Royal 64GB Kit DDR4-3600 CL16 (F4-3600C16Q-64GTRSC),DDR4-RAM,,,535.45,4,False,proshop.de,4.99,False,False,64.0,16.0,4.0,3600.0,CL 16-19-19-39,16.0,1.2,UDIMM,DE,DDR4
200610289,5b3a3ef761321b44cce2a34b3ceab0e4,Corsair Vengeance 64GB Kit SODIMM DDR4-2666 CL18 (CMSX64GX4M2A2666C18),DDR4-RAM,54.0,90.0,370.8,1,False,it-veith.de,0.0,False,False,64.0,32.0,2.0,2666.0,CL 18-18-18-43,18.0,1.2,SODIMM,DE,DDR4
201590648,fff0a62787af9c10604c566b16682603,Samsung 8GB DDR4-2666 (M471A1K43DB1-CTD),DDR4-RAM,,,64.0,3,False,ipc-computer.de,4.0,False,False,8.0,8.0,1.0,2666.0,,,1.2,SODIMM,DE,DDR4
212139297,8955e998a3e963d9e283fbab265d316c,SK Hynix SODIMM DDR4 3200 16GB 1Rx16 (HMAA2GS6CJR8N-XN),DDR4-RAM,,,109.9,3,False,kaufland.de,0.0,False,False,16.0,16.0,1.0,3200.0,,,,SODIMM,DE,DDR4
203337312,88448044aa8d7cf57e92bde9893c1eba,Crucial Pro 16GB DDR4-3200 CL22 (CP16G4DFRA32A),DDR4-RAM,,,148.97,9,False,playox.de,5.99,False,False,16.0,16.0,1.0,,CL 22-22-22,22.0,1.2,UDIMM,DE,DDR4
204994669,cce450fac830305729f20637cd3e2f04,Samsung 4GB DDR4 SO DIMM 3200 MHz CL22 (M471A5244CB0-CWE) Speicher,DDR4-RAM,,,48.9,5,False,galaxus.de,0.0,False,False,4.0,4.0,1.0,3200.0,,22.0,,SODIMM,DE,DDR4
202717636,22e9a672b8b726d5754b5c96b5f5cf93,Dell 64GB DDR4-3200 ECC (AA799110),DDR4-RAM,,,788.01,8,False,Amazon Marketplace,0.0,False,False,64.0,32.0,2.0,3200.0,,,1.2,,DE,DDR4
203387381,cc14c200534a397ed13d4d0891b016a2,XPG GAMMIX D35 64GB Kit DDR4-3200 CL16,DDR4-RAM,,,455.49,15,False,caseking.de,4.99,False,False,64.0,32.0,2.0,3200.0,CL 16-20-20,16.0,1.35,UDIMM,DE,DDR4
6512957,37f14a104860b809b5caebb8d87e14b3,Corsair Dominator Platinum RGB 16GB Kit DDR4-3200 CL16 (CMT16GX4M2Z3200C16),DDR4-RAM,20.0,90.0,194.99,11,False,electronis.de,6.9,False,False,16.0,8.0,2.0,3200.0,CL 16-18-18-36,16.0,1.35,UDIMM,DE,DDR4
200610619,3880de1b5f44b2985577c6b02c32fe77,G.Skill Ripjaws 32GB Kit SODIMM DDR4-3200 CL22 (F4-3200C22D-32GRS),DDR4-RAM,25.0,100.0,212.96,13,False,proshop.de,4.99,False,False,32.0,16.0,2.0,3200.0,CL 22-22-22-52,22.0,1.25,SODIMM,DE,DDR4
7007867,fb23c1ca739265cebf1d5e329949b56d,Corsair Vengeance RGB PRO 64GB DDR4-3200 CL16,DDR4-RAM,,,669.0,4,False,notebooksbilliger.de,8.99,False,False,64.0,32.0,2.0,3200.0,CL 16-20-20-38,16.0,1.35,UDIMM,DE,DDR4
5069026,5c0ddc0057c66305fe830d3d777deecd,Crucial 8GB DDR4-2400 CL17 (CT8G4DFS824A),DDR4-RAM,1.0,100.0,59.9,8,False,eBay,0.0,False,False,8.0,8.0,1.0,2400.0,CL 17-17-17,17.0,1.2,UDIMM,DE,DDR4
200589226,e106033e2b2b73303231cb5ab9cdb69f,Patriot Viper Steel 32GB Kit DDR4-3600 CL18 (PVS432G360C8K),DDR4-RAM,84.0,80.0,241.59,16,False,electronis.de,6.9,False,False,32.0,16.0,2.0,3600.0,CL 18-22-22-42,18.0,,UDIMM,DE,DDR4
200936439,d579b2a059e8f840b64ee0de7889662e,Kingston 16GB DDR4-3200 CL22 (KVR32S22S8/16),DDR4-RAM,9.0,100.0,114.99,31,False,eBay,0.0,False,False,16.0,16.0,1.0,3200.0,CL 22-22-22,22.0,1.2,SODIMM,DE,DDR4
200152560,212f99c7eb1c8d2fb01837cda938b8f1,Crucial 32GB DDR4-3200 CL22 (CT32G4DFD832A),DDR4-RAM,,,238.9,26,False,notebooksbilliger.de,5.99,False,False,32.0,32.0,1.0,3200.0,,22.0,1.2,UDIMM,DE,DDR4
200936433,f2be80a219745d423ddaf310fb954a0d,Kingston 16GB DDR4-3200 CL22 (KCP432SS8/16),DDR4-RAM,,,114.99,25,False,eBay,0.0,False,False,16.0,16.0,1.0,3200.0,,22.0,1.2,UDIMM,DE,DDR4
6846028,688a181de64866653958d775b148c5e5,G.Skill Trident Z Neo 32GB Kit DDR4-3200 CL16 (F4-3200C16D-32GTZN),DDR4-RAM,43.0,80.0,230.39,19,False,proshop.de,4.99,False,False,32.0,16.0,2.0,3200.0,CL 16-18-18-38,16.0,1.35,UDIMM,DE,DDR4
212430260,16cc11cf2746a3a7bbf24cf77d48f045,Micron 32GB DDR4 R-DIMM ECC 3200MHz 2Rx4 (MTA36ASF4G72PZ-3G2R1),DDR4-RAM,,,267.0,2,True,eBay,0.0,False,False,32.0,,,,,,1.2,,DE,DDR4
5704227,4883761af442c6c0a39e1f94d05f72bc,Samsung 32GB Kit DDR4-2133 CL15 (M393A4K40BB0-CPB),DDR4-RAM,,,119.0,2,True,eBay,0.0,False,False,32.0,16.0,2.0,2133.0,CL 15-16-16-36,15.0,,UDIMM,DE,DDR4
211565741,9b229d5732e7ceabe5a22ffce53d0383,Lexar UDIMM DDR4 16GB 3200MHz CL22 (LD4AU016G-B3200ASST),DDR4-RAM,,,116.9,4,False,eBay,0.0,False,False,16.0,16.0,1.0,3200.0,,22.0,,UDIMM,DE,DDR4
211498516,bb5d6e53f4b3f5660aa1a1b929b76153,SK Hynix DDR4 U-DIMM ECC 16GB 2Rx8 PC4-2666V-E (HMA82GU7CJR8N-VK),DDR4-RAM,,,234.0,5,False,ipc-computer.de,4.0,False,False,16.0,16.0,1.0,2666.0,,,1.2,UDIMM,DE,DDR4
6436053,8a04a6f6ae9289ec22cb8cc0d3e81879,Corsair Vengeance RGB 32GB DDR4-2666 C16 (CMW32GX4M2A2666C16),DDR4-RAM,,,335.9,7,False,e-tec.at (DE),0.0,False,False,32.0,16.0,2.0,2133.0,CL 15-15-15-36,15.0,1.2,UDIMM,DE,DDR4
201541538,2ef6f6b3cb229905509b09b359fcdc49,ADATA Premier 16GB DDR4-3200 CL22 (AD4U320016G22-SGN),DDR4-RAM,,,116.81,16,False,playox.de,5.99,False,False,16.0,16.0,1.0,3200.0,CL 22-22-22,22.0,1.2,UDIMM,DE,DDR4
201579234,d1194316f81d4f1bfb9e8b12627b3746,Corsair Vengeance RGB RT 16GB Kit DDR4-3200 CL16,DDR4-RAM,,,147.0,14,False,Amazon Marketplace,0.0,False,False,16.0,8.0,2.0,3200.0,CL 16-20-20-38,16.0,1.35,UDIMM,DE,DDR4
203461161,f3b4206254c1f1265802315d8661f0f9,Kingston FURY Beast RGB 32GB Kit DDR4-3200 CL16 (KF432C16BB2AK2/32),DDR4-RAM,,,268.91,18,False,proshop.de,4.99,False,False,32.0,16.0,2.0,3200.0,CL 16-20-20,16.0,1.35,UDIMM,DE,DDR4
6307153,919e2c37354cccf3d6200754f1955aa6,Corsair Vengeance LPX 8GB,DDR4-RAM,,,90.24,35,False,proshop.de,4.99,False,False,8.0,,,,,,,UDIMM,DE,DDR4
6721527,abf49eb34de0ff5bae2bc4b60648cafa,G.Skill Trident Z Neo 32GB DDR4 DDR4-3600 CL16 (F4-3600C16Q-32GTZNC),DDR4-RAM,15.0,90.0,272.0,11,False,alternate.de,7.99,False,False,32.0,8.0,4.0,3600.0,CL 16-19-19-39,16.0,1.35,UDIMM,DE,DDR4
200632538,9c7a6003c766cbcfa0e618eca03cceec,Corsair Vengeance LPX 8GB DDR4-3200 CL16 (CMK8GX4M1Z3200C16),DDR4-RAM,,,109.0,2,False,galaxus.de,0.0,False,False,8.0,8.0,1.0,3200.0,CL 16-18-18-36,16.0,,UDIMM,DE,DDR4
203223030,b8f7b0091625fbf07308e4f8f8b0d57f,XPG GAMMIX D35 16GB Kit DDR4-3200 CL16 (AX4U32008G16A-DTBKD35),DDR4-RAM,,,121.9,8,False,alza.de,4.99,False,False,16.0,8.0,2.0,3200.0,CL 16-20-20,16.0,1.35,UDIMM,DE,DDR4
201102473,84841306f8c294bc3b5d5a9828488350,Corsair Vengeance RGB 32GB Kit DDR4-3200 CL16 (CMW32GX4M2E3200C16W),DDR4-RAM,,,332.76,15,False,jacob.de,0.0,False,False,32.0,16.0,2.0,3200.0,,16.0,,UDIMM,DE,DDR4
200721630,9dbcb11b5831e6a80400269c6d0e7e70,Kingston ValueRAM 32GB Kit SO-DIMM DDR4-3200 CL22 (KVR32S22D8/32),DDR4-RAM,,,229.0,31,False,mediarado.de,0.0,False,False,32.0,16.0,2.0,3200.0,CL 22-22-22,22.0,1.2,SODIMM,DE,DDR4
202093065,7e54509e86c5a72d10737558194d7b94,Synology 16GB DDR4-2666 (D4ES01-16G),DDR4-RAM,,,374.98,32,False,jacob.de,0.0,False,False,16.0,16.0,1.0,,,,1.2,SODIMM,DE,DDR4
211469235,d758a64384f7c398a6fc4e366cd5ace2,CSX SODIMM Arbeitsspeicher 8GB DDR4 2666MHz (CSXD4SO2666-1R8-8GB),DDR4-RAM,,,48.95,3,False,reichelt.de,5.95,False,False,8.0,8.0,1.0,2666.0,,,1.2,SODIMM,DE,DDR4
207742235,7b0a0a4c39a901736592abb13e081909,Synology D4ES03-16G,DDR4-RAM,2.0,60.0,1061.67,23,False,galaxus.de,0.0,False,False,16.0,16.0,1.0,,,,,SODIMM,DE,DDR4
5864318,3b4205d6d9e61068f50bfe41af780eb4,SK Hynix 8GB Kit SODIMM DDR4-2400 (HMA851S6AFR6N-UH),DDR4-RAM,,,16.9,1,True,eBay,0.0,False,False,8.0,4.0,2.0,2666.0,,,,SODIMM,DE,DDR4
5053042,a951ae36d96377b861a8d083a12ae3b5,Corsair Vengeance LPX 16GB Kit DDR4-3200 CL16 (CMK16GX4M2B3200C16W),DDR4-RAM,1.0,80.0,199.0,2,False,arlt.com,6.99,False,False,16.0,8.0,2.0,3200.0,CL 16-16-16-36,16.0,1.35,UDIMM,DE,DDR4
212140207,bbf3010464c11dda57080f3148d67aec,SK Hynix SO-DIMM DDR4 2666MHz 32GB (2x16GB) Notebook RAM (HMA82GS6CJR8N-VK),DDR4-RAM,,,123.0,4,False,Amazon Marketplace,0.0,False,False,32.0,,,,,,,,DE,DDR4
5098402,c43410abdf36dbe8c2c186a28f2e8542,Corsair Vengeance 8GB DDR4-2400 CL16 (CMK8GX4M1A2400C16),DDR4-RAM,,,93.99,3,False,corsair.com,0.0,False,False,8.0,8.0,1.0,2400.0,CL 16-16-16-36,16.0,1.2,UDIMM,DE,DDR4
6918036,c9c4fb90c3f4ac94203a8f4e6dc89e10,G.Skill Trident Z Royal Silber 32GB Kit DDR4-3600 CL16 (F4-3600C16D-32GTRSC),DDR4-RAM,,,315.36,2,False,proshop.de,4.99,False,False,32.0,16.0,2.0,3600.0,CL 16-19-19-39,16.0,1.2,UDIMM,DE,DDR4
6722119,7ce3f0aa7d1473d6bf1fb60b8a0f5926,Corsair Vengeance RGB PRO 16 GB DDR4-3600 CL18 (CMW16GX4M2Z3600C18),DDR4-RAM,268.0,90.0,218.99,1,False,corsair.com,0.0,False,False,16.0,8.0,2.0,3600.0,CL 18-22-22-42,18.0,1.35,UDIMM,DE,DDR4
203565251,3e8f1be97b1cb299ff90725070d9a00f,Kingston FURY Beast RGB 16GB DDR4-3200 CL16 (KF432C16BB12A/16),DDR4-RAM,,,162.32,9,False,Amazon Marketplace,0.0,False,False,16.0,16.0,1.0,3200.0,CL 16-18-18,16.0,1.35,UDIMM,DE,DDR4
5283409,408cbd94598506b0c81efb777afb2ac0,Corsair Vengeance 32GB Kit SODIMM PC4-19200 CL16 (CMSX32GX4M2A2400C16),DDR4-RAM,,,235.0,17,False,Amazon Marketplace,0.0,False,False,32.0,16.0,2.0,2400.0,,16.0,1.2,SODIMM,DE,DDR4
203387146,06083c533d737293c932e0655286295d,XPG GAMMIX D35 32GB Kit DDR4-3200 CL16,DDR4-RAM,,,229.9,14,False,caseking.de,4.99,False,False,32.0,16.0,2.0,3200.0,CL 16-20-20,16.0,1.35,UDIMM,DE,DDR4
200897356,158dab2a4ea625fd13f9820985976d5f,Samsung 64GB DDR4-3200 CL22 (M393A8G40AB2-CWE),DDR4-RAM,1.0,100.0,699.0,9,False,eBay,0.0,False,False,64.0,64.0,1.0,3200.0,,22.0,,UDIMM,DE,DDR4
200333307,1cf2600314a5b2eea82f65144fb73745,Kingston ValueRam 16GB DDR4-3200 CL22 (KVR32S22D8/16),DDR4-RAM,,,109.55,31,False,it-veith.de,0.0,False,False,16.0,8.0,2.0,3200.0,CL 22-22-22,22.0,1.2,UDIMM,DE,DDR4
6722121,ca2c1d432944c116f1d1455cfd012719,Corsair Vengeance LPX 16GB DDR4-3200 CL16 (CMK16GX4M2E3200C16),DDR4-RAM,,,160.0,13,False,bora-computer.de,5.9,False,False,16.0,8.0,2.0,3200.0,CL 16-20-20-38,16.0,1.35,UDIMM,DE,DDR4
6111166,7199a39a4b8d8cb58747f9311cf19a8d,Kingston 16GB DDR4-2666 (KCP426ND8/16),DDR4-RAM,,,138.97,21,False,Amazon Marketplace,8.83,False,False,16.0,16.0,1.0,2666.0,,,1.2,UDIMM,DE,DDR4
201053783,d68ee2696a95a5af9d927a5c512ebfd4,Corsair Vengeance RGB Pro SL 16GB Kit DDR4-3200 CL16 (CMH16GX4M2E3200C16W),DDR4-RAM,,100.0,176.96,14,False,jacob.de,0.0,False,False,16.0,8.0,2.0,3200.0,CL 16-20-20-38,16.0,1.35,UDIMM,DE,DDR4
200281091,e0fa8cc07bdc9e89eea96aca057470dc,HPE 64GB DDR4-2933 (P00926-B21),DDR4-RAM,,,554.5,19,False,tonitrus.com (DE),0.0,False,False,64.0,64.0,1.0,2933.0,,,1.2,UDIMM,DE,DDR4
200774453,af0627becda9ecf244d8333e1923ce5c,Kingston 8GB SO-DIMM DDR4-3200 CL22 (KCP432SS8/8),DDR4-RAM,,,99.99,26,False,eBay,0.0,False,False,8.0,8.0,1.0,3200.0,,22.0,1.2,SODIMM,DE,DDR4
201645897,363a76adf91471768528c707f2535d47,Team T-Create Expert 32GB Kit DDR4-3200 CL16 (TTCED432G3200HC16FDC01),DDR4-RAM,,,264.0,8,False,alternate.de,7.99,False,False,32.0,16.0,2.0,3200.0,CL 16-20-20-40,16.0,1.35,UDIMM,DE,DDR4
201523074,179610e87f2c5cbaefc6419e987e0072,Kingston FURY Beast 128GB Quad-Kit DDR4-3200 CL16 (KF432C16BBK4/128),DDR4-RAM,,,1799.95,11,False,Amazon Marketplace,0.0,False,False,128.0,32.0,4.0,3200.0,CL 16-20-20,16.0,1.35,UDIMM,DE,DDR4
211472908,9f50697dd479c2dedf3fde8b3ebbe1de,PNY Performance DDR4 32GB 3200MHz (MD32GSD43200-SI),DDR4-RAM,,,202.97,10,False,electronis.de,6.9,False,False,32.0,32.0,1.0,3200.0,CL 22-22-22-52,22.0,,UDIMM,DE,DDR4
200442037,1b0519b3eb0d32355c1afcdb24700e85,Patriot Viper Steel 64GB Kit DDR4-3200 CL16 (PVS464G320C6K),DDR4-RAM,40.0,90.0,484.72,12,False,electronis.de,6.9,False,False,64.0,32.0,2.0,3200.0,CL 16-18-18-36,16.0,1.35,UDIMM,DE,DDR4
203094996,2b5e1df6e09f94badac58ebbce7a6b85,Corsair Vengeance 32GB Kit DDR5-6000 CL30 (CMK32GX5M2B6000Z30),DDR5-RAM,168.0,90.0,503.7,22,False,it-veith.de,0.0,False,False,32.0,16.0,2.0,6000.0,CL 30-36-36-76,30.0,1.4,UDIMM,DE,DDR5
202284828,bef7430f4d3f44fc41473ec1c8f27147,Crucial 16GB DDR5-5600 CL46 (CT16G56C46S5),DDR5-RAM,,,218.9,31,False,alza.de,4.99,False,False,16.0,16.0,1.0,5600.0,CL 46-45-45,46.0,1.1,SODIMM,DE,DDR5
211539899,e7845d61e2d505c61ec59bae5ce1f04a,Samsung SO-DIMM 8GB DDR5 5600MHz 1Rx16 (M425R1GB4BB0-CWM),DDR5-RAM,,,129.0,6,False,Amazon Marketplace,0.0,False,False,8.0,8.0,1.0,5600.0,,,1.1,SODIMM,DE,DDR5
206040262,a6aec2c6bbe483525318a9e4d015b49a,Crucial 128GB Kit DDR5-5600 CL46 (CT2K64G56C46S5),DDR5-RAM,,,1720.75,2,False,galaxus.de,0.0,False,False,128.0,64.0,2.0,5600.0,CL 46-45-45,46.0,1.1,SODIMM,DE,DDR5
204432987,45a45b51203c26007b9a298d62f6ece2,Patriot Viper Venom 32GB Kit DDR5-6000 CL30 (PVV532G600C30K),DDR5-RAM,31.0,100.0,426.86,23,False,caseking.de,4.99,False,False,32.0,16.0,2.0,6000.0,CL 30-40-40-76,30.0,1.35,UDIMM,DE,DDR5
202284827,481c53120f91041159b0a5f117971777,Crucial 32GB Kit DDR5-5600 CL46 (CT2K16G56C46S5),DDR5-RAM,,,378.91,25,False,kaufland.de,0.0,False,False,32.0,16.0,2.0,5600.0,CL 46-45-45,46.0,1.1,SODIMM,DE,DDR5
208422973,e40a987af1171b579bc621c2e4551644,GoodRAM IRDM DDR5-6000 Kit 32GB (IR-6000D564L30S/32GDC),DDR5-RAM,,,414.74,9,False,eBay,0.0,False,False,32.0,16.0,2.0,6000.0,,,1.35,UDIMM,DE,DDR5
203424247,cc320c41377e5dd3109a7f8df43b6e7a,Corsair Vengeance RGB 32GB Kit DDR5-6000 CL36 (CMH32GX5M2E6000Z36),DDR5-RAM,,,410.42,11,False,Amazon,0.0,False,False,32.0,16.0,2.0,6000.0,CL 36-44-44-96,36.0,1.4,UDIMM,DE,DDR5
205964740,bdd4c2ef3d174da27f838a88980e7df4,Corsair Vengeance 32GB Kit DDR5-6000 CL36 (CMK32GX5M2E6000Z36W),DDR5-RAM,,,396.0,14,False,Amazon,0.0,False,False,32.0,16.0,2.0,6000.0,CL 36-44-44-96,36.0,1.35,UDIMM,DE,DDR5
204002562,70356b7122b1bb694ce176a7aa3a2fac,Crucial Pro Overclocking 32GB Kit DDR5-6000 CL36 (CP2K16G60C36U5B),DDR5-RAM,328.0,90.0,400.0,28,False,Amazon,0.0,False,False,32.0,16.0,2.0,6000.0,CL 36-38-38-80,36.0,1.35,UDIMM,DE,DDR5
206561758,71392039eb69ce0727a043bde7cb38c4,Patriot Viper Venom 16GB DDR5-6000 CL30 (PVV516G60C30),DDR5-RAM,20.0,90.0,219.0,12,False,mediarado.de,0.0,False,False,16.0,16.0,1.0,6000.0,,30.0,1.35,UDIMM,DE,DDR5
202249571,3b866c40ddbb07150d3c718b3375b85f,Corsair Vengeance RGB 32GB Kit DDR5-6000 CL30 (CMH32GX5M2B6000Z30K),DDR5-RAM,3.0,90.0,527.08,21,False,galaxus.de,0.0,False,False,32.0,16.0,2.0,6000.0,CL 30-36-36-76,30.0,1.4,UDIMM,DE,DDR5
204417779,e15a0dd044e03ee50d9186501bd5a294,Corsair Vengeance RGB 32GB Kit DDR5-6000 CL38 (CMH32GX5M2B6000C38),DDR5-RAM,,,414.59,19,False,eBay,6.99,False,False,32.0,16.0,2.0,6000.0,CL 38-44-44-96,38.0,1.35,UDIMM,DE,DDR5
203367360,87aff9a6be83560e95504d3658fe9f2c,Corsair Vengeance 32GB Kit DDR5-6000 CL36 (CMK32GX5M2E6000Z36),DDR5-RAM,129.0,90.0,403.99,17,False,Amazon,0.0,False,False,32.0,16.0,2.0,6000.0,CL 36-44-44-96,36.0,1.35,UDIMM,DE,DDR5
203006824,8b5d90096c5d81f6f0795abed61c748f,Crucial 64GB Kit DDR5-5600 CL46 (CT2K32G56C46S5),DDR5-RAM,3.0,100.0,699.99,9,False,Amazon,0.0,False,False,64.0,32.0,2.0,5600.0,CL 46-45-45,46.0,1.1,SODIMM,DE,DDR5
203002475,8ca2eea644a349478ed851078eb00f2f,Corsair Vengeance RGB 64GB Kit DDR5-6000 CL30 (CMH64GX5M2B6000Z30),DDR5-RAM,,,984.99,23,False,it-veith.de,0.0,False,False,64.0,32.0,2.0,6000.0,CL 30-36-36-76,30.0,1.4,UDIMM,DE,DDR5
202576961,f70317fb67288d37164fc87e9658e105,G.Skill Flare X5 32GB Kit DDR5-6000 CL30 (F5-6000J3038F16GX2-FX5),DDR5-RAM,6.0,90.0,519.99,22,False,arlt.com,6.99,False,False,32.0,16.0,2.0,6000.0,CL 30-38-38-96,30.0,1.35,UDIMM,DE,DDR5
203077469,1732fda77c62c00a7d2ab7f5b1cf2cf3,Crucial 32GB DDR5-5600 CL46 (CT32G56C46S5),DDR5-RAM,31.0,90.0,396.27,32,False,25n.de,0.0,False,False,32.0,32.0,1.0,5600.0,CL 46-45-45,46.0,1.1,SODIMM,DE,DDR5
201942266,56c56e280dacc6107f06e90c47bd9732,Crucial 16GB DDR5-4800 CL40 (CT16G48C40S5),DDR5-RAM,192.0,90.0,206.4,30,False,eBay,6.0,False,False,16.0,16.0,1.0,4800.0,CL 40-39-39,40.0,1.1,SODIMM,DE,DDR5
202133093,d6e97af3799574091a842147ce687dd0,G.Skill Trident Z5 Neo RGB 32GB Kit DDR5-6000 CL30 (F5-6000J3038F16GX2-TZ5NR),DDR5-RAM,2.0,90.0,539.0,31,False,alternate.de,7.99,False,False,32.0,16.0,2.0,6000.0,CL 30-38-38-96,30.0,1.35,UDIMM,DE,DDR5
206837140,0fa64210fb12d838514ccfd379b748f6,Patriot Viper Elite 5 RGB 32GB Kit DDR5-6000 CL30 (PVER532G60C30KW),DDR5-RAM,,,435.04,4,False,galaxus.de,0.0,False,False,32.0,16.0,2.0,6000.0,CL 30-40-40-76,30.0,1.35,UDIMM,DE,DDR5
204724988,4f520d5991f06d300d273ef239edccb8,G.Skill Trident Z5 Royal Neo 32GB Kit DDR5-6000 CL28 (F5-6000J2836G16GX2-TR5NS),DDR5-RAM,,70.0,655.98,15,False,electronis.de,6.9,False,False,32.0,16.0,2.0,6000.0,CL 28-36-36-96,28.0,1.4,UDIMM,DE,DDR5
204115987,a19836f468f81f39f62f9f7dd46c5dca,Kingston FURY Beast 16GB Kit DDR5-6000 CL30 (KF560C30BBEK2-16),DDR5-RAM,,,298.9,24,False,alza.de,4.99,False,False,16.0,8.0,2.0,6000.0,CL 30-36-36,30.0,1.4,UDIMM,DE,DDR5
209221825,670acba43f9a1ea1ac8e9f7c7bc30b30,G.Skill Flare X5 16GB DDR5-6000 CL30 (F5-6000J3038F16GH1-FX5),DDR5-RAM,,,289.76,12,False,proshop.de,4.99,False,False,16.0,16.0,1.0,6000.0,CL 30-38-38-96,30.0,1.35,UDIMM,DE,DDR5
202287163,6a131e208b0553d4987547e7ef444459,Kingston FURY Beast 16GB Kit DDR5-6000 CL36 (KF560C36BBEK2-16),DDR5-RAM,2.0,100.0,284.99,32,False,playox.de,5.99,False,False,16.0,8.0,2.0,6000.0,CL 36-38-38,36.0,1.35,UDIMM,DE,DDR5
203080128,a13046e9885bdd265ed8b11c74bedf16,G.Skill Trident Z5 RGB 64GB Kit DDR5-6000 CL36,DDR5-RAM,,,799.0,33,False,joybuy.de,0.0,False,False,64.0,32.0,2.0,6000.0,CL 36-36-36-96,36.0,1.35,UDIMM,DE,DDR5
205113076,84545079ebd81eb52193721fcdfd0a6b,Crucial Pro Overclocking 32GB Kit DDR5-6400 CL38 (CP2K16G64C38U5W),DDR5-RAM,,70.0,393.3,25,False,Amazon,0.0,False,False,32.0,16.0,2.0,6400.0,CL 38-40-40-84,38.0,1.35,UDIMM,DE,DDR5
208880305,024d08fcf27b2deb849e0eb6fcda89d3,Patriot Viper Elite 5 RGB 48GB Kit DDR5-6000 CL30 (PVER548G60C30KW),DDR5-RAM,,,569.0,6,False,mediarado.de,0.0,False,False,48.0,24.0,2.0,6000.0,CL 30-40-40-76,30.0,1.35,UDIMM,DE,DDR5
203079898,d9ccfd3c76d0d9ae3d671f590cc7205c,Crucial 32GB Kit DDR5-5600 CL46 (CT32G56C46U5),DDR5-RAM,11.0,90.0,410.95,32,False,kaufland.de,4.9,False,False,32.0,32.0,1.0,5600.0,CL 46-45-45,46.0,1.1,UDIMM,DE,DDR5
204104042,bcd2e2dac144d72cdc4e61481164f83c,Kingston FURY Beast 32GB Kit DDR5-6000 CL30 (KF560C30BBEK2-32),DDR5-RAM,5.0,100.0,529.9,32,False,arlt.com,6.99,False,False,32.0,16.0,2.0,6000.0,CL 30-36-36,30.0,1.4,UDIMM,DE,DDR5
202293247,df2568832e11298dca84e8a45b1f58a4,Crucial 16GB DDR5-5600 CL46 (CT16G56C46U5),DDR5-RAM,33.0,100.0,203.0,27,False,it-veith.de,0.0,False,False,16.0,16.0,1.0,5600.0,CL 46-45-45,46.0,1.1,UDIMM,DE,DDR5
202161311,019eb4ba7806ba65b5c779b899edc567,Patriot Viper Venom RGB 32GB Kit DDR5-6000 CL36 (PVVR532G600C36K),DDR5-RAM,16.0,90.0,399.0,7,False,mediarado.de,0.0,False,False,32.0,16.0,2.0,6000.0,CL 36-36-36-76,36.0,1.25,UDIMM,DE,DDR5
203263987,1295ba88fae8329003ee07e0c017557c,Patriot Viper Venom 64GB Kit DDR5-6400 CL32 (PVV564G640C32K),DDR5-RAM,,50.0,839.99,5,False,Amazon Marketplace,0.0,False,False,64.0,32.0,2.0,6400.0,CL 32-40-40-84,32.0,1.4,UDIMM,DE,DDR5
201768462,f9642cb56c99af358329cae5debf1b0a,G.Skill Trident Z5 RGB 32GB Kit DDR5-6000 CL36,DDR5-RAM,2.0,70.0,495.82,54,False,electronis.de,6.9,False,False,32.0,16.0,2.0,6000.0,,36.0,,UDIMM,DE,DDR5
203030928,5ed6275c8c9bbacad233b59ee13e9edb,Corsair Vengeance 64GB Kit DDR5-6000 CL30 (CMK64GX5M2B6000C30),DDR5-RAM,12.0,90.0,889.0,15,False,Amazon Marketplace,0.0,False,False,64.0,32.0,2.0,6000.0,CL 30-36-36-76,30.0,1.4,UDIMM,DE,DDR5
204105593,4254b0d7c7c501b8fbfa8402476230e7,Kingston FURY Beast RGB 64GB Kit DDR5-6000 CL30,DDR5-RAM,,90.0,989.0,50,False,notebooksbilliger.de,8.99,False,False,64.0,32.0,2.0,6000.0,CL 30-36-36,30.0,1.4,UDIMM,DE,DDR5
205511206,e74f3166214856a42d57dc71dee4e6df,G.Skill Flare X5 64GB Kit DDR5-6000 CL36,DDR5-RAM,,,825.82,37,False,jacob.de,0.0,False,False,64.0,32.0,2.0,6000.0,CL 36-36-36-96,36.0,1.35,UDIMM,DE,DDR5
202358066,53bfa25215397657b09b70b6510c5589,Transcend 16Gb DDR5 4800 (JM4800ASE-16G),DDR5-RAM,,,195.0,12,False,Amazon Marketplace,0.0,False,False,16.0,16.0,1.0,4800.0,,,,,DE,DDR5
204104222,7760b14fa432c735d3c7800bbf948c2a,Kingston FURY Beast 64GB Kit DDR5-6000 CL30 (KF560C30BBEK2-64),DDR5-RAM,3.0,100.0,989.0,28,False,arlt.com,6.99,False,False,64.0,32.0,2.0,6000.0,CL 30-36-36,30.0,1.4,UDIMM,DE,DDR5
201990072,934eedad500aea0371cf8045820fb227,Crucial 32GB Kit DDR5-4800 CL40 (CT2K16G48C40S5),DDR5-RAM,150.0,90.0,429.99,20,False,Amazon Marketplace,0.0,False,False,32.0,16.0,2.0,4800.0,,40.0,1.1,,DE,DDR5
202293208,ea3e49496d6fb198a16cde04f2d6695a,Kingston FURY Impact 64GB Kit DDR5-5600 CL40 (KF556S40IBK2-64),DDR5-RAM,7.0,100.0,669.99,26,False,eBay,0.0,False,False,64.0,32.0,2.0,5600.0,CL 40-40-40,40.0,1.1,SODIMM,DE,DDR5
208809760,f20fefdf9eb3e8050fc89db76e479f41,Corsair Vengeance RGB 128GB Kit DDR5-6000 CL40 (CMH128GX5M2D6000C40),DDR5-RAM,,,1743.0,2,False,Amazon Marketplace,0.0,False,False,128.0,64.0,2.0,6000.0,CL 40-50-50-96,40.0,1.35,UDIMM,DE,DDR5
206608412,598b5b91786371c3eeca36428e1ef7cc,Kingston FURY Beast RGB 128GB Kit DDR5-5600 CL36 (KF556C36BBEAK2-128),DDR5-RAM,,,2119.79,14,False,galaxus.de,0.0,False,False,128.0,64.0,2.0,5600.0,CL 36-38-38,36.0,1.25,UDIMM,DE,DDR5
205579489,26571dd4254e9fbf3df38d9a38a35b1e,Corsair Vengeance RGB 32GB Kit DDR5-6000 CL36 (CMH32GX5M2E6000Z36W),DDR5-RAM,,,447.0,5,False,Amazon Marketplace,10.0,False,False,32.0,16.0,2.0,6000.0,CL 36-44-44-96,36.0,1.4,UDIMM,DE,DDR5
202287139,0e0533b26ac38fc10b595687d310e054,Kingston FURY Beast RGB 64GB Kit DDR5-6000 CL36 (KF560C36BBEAK2-64),DDR5-RAM,,,929.0,24,False,notebooksbilliger.de,8.99,False,False,64.0,32.0,2.0,6000.0,CL 36-38-38-80,36.0,1.25,UDIMM,DE,DDR5
206281078,f0027e5352910a22faaa25b57e6c09a3,Crucial Pro 64GB Kit DDR5-6400 CL40,DDR5-RAM,,,764.03,22,False,kaufland.de,0.0,False,False,64.0,32.0,2.0,6400.0,CL 40-40-40-80,40.0,1.35,UDIMM,DE,DDR5
204159849,8c9f41fc77170a04c0d38ac862f08fc2,Team T-Create Expert 32GB Kit DDR5-6000 CL30 (CTCED532G6000HC30DC01),DDR5-RAM,1.0,100.0,479.0,10,False,alternate.de,7.99,False,False,32.0,16.0,2.0,6000.0,CL 30-36-36-76,30.0,1.35,UDIMM,DE,DDR5
201814610,a5b28f900728229e164658ead77404a1,G.Skill Trident Z5 RGB 32GB Kit DDR5-6000 CL36 (F5-6000J3636F16GX2-TZ5RK),DDR5-RAM,,,513.29,22,False,galaxus.de,0.0,False,False,32.0,16.0,2.0,6000.0,CL 36-36-36-96,36.0,1.35,UDIMM,DE,DDR5
201816030,f51fe4a33d6e3f8502e4f2d9546f69a4,G.Skill Trident Z5 RGB 32GB DDR5-6400 CL32,DDR5-RAM,6.0,100.0,519.7,45,False,caseking.de,4.99,False,False,32.0,16.0,2.0,6400.0,CL 32-39-39-102,32.0,1.4,UDIMM,DE,DDR5
202576970,50b1115a087f4abebaa49ad88bf1608f,Kingston FURY Beast 32GB Kit DDR5-6000 CL36,DDR5-RAM,,70.0,498.06,60,False,jacob.de,0.0,False,False,32.0,16.0,2.0,6000.0,,36.0,1.35,UDIMM,DE,DDR5
202332602,676abccbff35f9fd7d16b0dab2b6e219,Corsair Vengeance 96GB Kit DDR5-5200 CL38 (CMK96GX5M2B5200C38),DDR5-RAM,,,1020.0,15,False,Amazon Marketplace,0.0,False,False,96.0,48.0,2.0,5200.0,CL 38-38-38-84,38.0,1.25,UDIMM,DE,DDR5
206608429,20bbab572ef75d9d80b4abda4d570313,Kingston FURY Beast RGB 64GB Kit DDR5-5200 CL40 (KF552C40BB2AK2-64),DDR5-RAM,,,1026.33,2,False,proshop.de,4.99,False,False,128.0,64.0,2.0,5200.0,CL 40-40-40,40.0,1.25,UDIMM,DE,DDR5
203078790,7078f1221ddc93b98fc6e8fe99ac9d1b,Crucial 8GB DDR5-5600 CL46 (CT8G56C46S5),DDR5-RAM,11.0,90.0,129.95,23,False,kaufland.de,0.0,False,False,8.0,8.0,1.0,5600.0,CL 46-45-45,46.0,1.1,SODIMM,DE,DDR5
204083553,1214ed6c0e5a6b6308bfadb41a3fa9ef,Kingston FURY Beast RGB 64GB Kit DDR5-6400 CL32,DDR5-RAM,,80.0,1131.44,35,False,25n.de,0.0,False,False,64.0,32.0,2.0,6400.0,CL 32-39-39,32.0,1.4,UDIMM,DE,DDR5
205511111,b8f465c5040e6c8ab2601a57b773308c,G.Skill Flare X5 64GB Kit DDR5-6000 CL36 (F5-6000J3636F32GX2-FX5),DDR5-RAM,,,925.68,19,False,electronis.de,6.9,False,False,64.0,32.0,2.0,6000.0,CL 36-36-36-96,36.0,1.35,UDIMM,DE,DDR5
202115093,c276c6fbf90e86754c0cb62675b42c03,Kingston FURY Beast 32GB Kit DDR5-5600 CL36 (KF556C36BBEK2-32),DDR5-RAM,1.0,80.0,456.99,35,False,x-kom.de,6.99,False,False,32.0,16.0,2.0,5600.0,CL 36-38-38,36.0,1.25,UDIMM,DE,DDR5
203216034,9203b0918869a9d5c73e4f0b24bfc733,Corsair Vengeance 96GB Kit DDR5-6000 CL30,DDR5-RAM,5.0,90.0,1099.0,3,False,eBay,10.0,False,False,96.0,,,6000.0,CL 30-36-36-76,30.0,1.4,UDIMM,DE,DDR5
209425829,d995152932a3d2c2ca7cb8cb08f37237,Corsair Vengeance RGB RS 32GB Kit DDR5-5200 CL40 (CMG32GX5M2B5200Z40),DDR5-RAM,,,393.94,2,False,Amazon,0.0,False,False,32.0,16.0,2.0,5200.0,CL 40-40-40-77,40.0,1.25,UDIMM,DE,DDR5
202204151,7afbe66676c3d6d723f28c18118f6aad,Team T-Force DELTA RGB 32GB Kit DDR5-6000 CL30 (FF4D532G6000HC30DC01),DDR5-RAM,1.0,100.0,459.0,8,False,alternate.de,7.99,False,False,32.0,16.0,2.0,6000.0,CL 30-36-36-76,30.0,1.35,UDIMM,DE,DDR5
203196596,64261e84e2e3a974ba9835dc7ec2d34b,Corsair Vengeance RGB 32GB Kit DDR5-6000 CL36 (CMH32GX5M2E6000C36W),DDR5-RAM,,,448.99,6,False,corsair.com,0.0,False,False,32.0,16.0,2.0,6000.0,CL 36-44-44-96,36.0,1.4,UDIMM,DE,DDR5
204101932,8c783ac8c038742680313d50a47478df,Kingston FURY Beast RGB 32GB Kit DDR5-6000 CL30 (KF560C30BBEAK2-32),DDR5-RAM,1.0,100.0,449.0,19,False,joybuy.de,0.0,False,False,32.0,16.0,2.0,6000.0,CL 30-36-36,30.0,1.4,UDIMM,DE,DDR5
201869599,dba9a9b415f2dd6f2734caca1b726ddf,Crucial 32GB DDR5-4800 SODIMM (CT32G48C40S5),DDR5-RAM,138.0,90.0,402.21,24,False,electronis.de,6.9,False,False,32.0,32.0,1.0,4800.0,CL 40-39-39,40.0,1.1,SODIMM,DE,DDR5
203263320,39cdc9b9096327b75eef138e8ad208d9,Corsair Dominator Titanium 32GB Kit DDR5-6000 CL30,DDR5-RAM,51.0,90.0,672.7,24,False,25n.de,0.0,False,False,32.0,16.0,2.0,6000.0,CL 30-36-36-76,30.0,1.4,UDIMM,DE,DDR5
202160738,13dd0f82475df1182761b7626034ee5e,G.Skill Trident Z5 RGB 32GB Kit DDR5-7600 CL36,DDR5-RAM,,90.0,582.08,33,False,electronis.de,6.9,False,False,32.0,16.0,2.0,7600.0,CL 36-46-46-121,36.0,1.4,UDIMM,DE,DDR5
202801734,c41ca9d043aefd59c84a1254cdd3837d,Corsair Vengeance RGB 32GB Kit DDR5-6400 CL36,DDR5-RAM,,,449.99,68,False,Amazon Marketplace,0.0,False,False,32.0,16.0,2.0,6400.0,CL 36-48-48-104,36.0,,UDIMM,DE,DDR5
203077458,29748a8e467336c46c13560e16e2afa4,Crucial 96GB Kit DDR5-5600 CL46 (CT2K48G56C46S5),DDR5-RAM,37.0,90.0,1469.56,8,False,kaufland.de,0.0,False,False,96.0,48.0,2.0,5600.0,CL 46-45-45,46.0,1.1,SODIMM,DE,DDR5
202735942,88488ff4965eb203b1fa883b4afc8f7b,Corsair Vengeance RGB 32GB Kit DDR5-6000 CL36 (CMH32GX5M2E6000C36),DDR5-RAM,,,429.99,16,False,eBay,0.0,False,False,32.0,16.0,2.0,6000.0,CL 36-44-44-96,36.0,1.4,UDIMM,DE,DDR5
204432989,5a1022861947358a7db529fee020879e,Patriot Viper Venom RGB 32GB Kit DDR5-6000 CL30 (PVVR532G600C30K),DDR5-RAM,,90.0,448.0,13,False,alternate.de,7.99,False,False,32.0,16.0,2.0,6000.0,CL 30-40-40-76,30.0,1.35,UDIMM,DE,DDR5
203080042,4578105bb351d9ab3a45ea959feeb270,Corsair Vengeance 64GB Kit DDR5-6000 CL30 (CMK64GX5M2B6000Z30),DDR5-RAM,86.0,90.0,1179.37,21,False,caseking.de,4.99,False,False,64.0,32.0,2.0,6000.0,CL 30-36-36-76,30.0,1.4,UDIMM,DE,DDR5
202182565,b1841bc22580123afbcfcc45750ac210,G.Skill Trident Z5 Neo RGB 64GB Kit DDR5-6000 CL30 (F5-6000J3040G32GX2-TZ5NR),DDR5-RAM,1.0,80.0,1180.22,19,False,eBay,0.0,False,False,64.0,32.0,2.0,6000.0,CL 30-40-40-96,30.0,1.4,UDIMM,DE,DDR5
205671868,c2ff1144e78260ee81bb6e1d53eaf732,Corsair Vengeance 32GB Kit DDR5-6000 CL30 (CMK32GX5M2B6000Z30W),DDR5-RAM,,,510.0,18,False,Amazon Marketplace,0.0,False,False,32.0,16.0,2.0,6000.0,CL 30-36-36-76,30.0,1.4,UDIMM,DE,DDR5
204101931,91986c1af4d5e7dc6d375ce8e3191f67,Kingston FURY Beast RGB 32GB Kit DDR5-6000 CL30 (KF560C30BWEAK2-32),DDR5-RAM,2.0,100.0,539.0,24,False,notebooksbilliger.de,8.99,False,False,32.0,16.0,2.0,6000.0,CL 30-36-36,30.0,1.4,UDIMM,DE,DDR5
203080036,b7fdfd0a23e50de3fd4e0d3837acf1cb,Corsair Vengeance RGB 48GB Kit DDR5-6000 CL36 (CMH48GX5M2E6000C36),DDR5-RAM,,,564.94,14,False,kaufland.de,0.0,False,False,48.0,24.0,2.0,6000.0,CL 36-44-44-96,36.0,1.4,UDIMM,DE,DDR5
203263217,92c891ac651b933bd3b2673ae9b92c5d,Crucial Pro 64GB Kit DDR5-5600 CL46 (CP2K32G56C46U5),DDR5-RAM,86.0,90.0,679.7,16,False,it-veith.de,0.0,False,False,64.0,32.0,2.0,5600.0,CL 46-45-45,46.0,1.1,UDIMM,DE,DDR5
206785600,93c4eb24e748c5f3cb2dad7009564927,Kingston FURY Beast 64GB Kit DDR5-6000 CL36 (KF560C36BBE2K2-64),DDR5-RAM,,,901.0,24,False,kaufland.de,0.0,False,False,64.0,32.0,2.0,6000.0,CL 36-44-44,36.0,1.35,UDIMM,DE,DDR5
203018935,74b89d47e14ef7ebf4e2d7783636fefc,Corsair Vengeance RGB 64GB Kit DDR5-6000 CL30 (CMH64GX5M2B6000C30),DDR5-RAM,,100.0,1180.0,17,False,Amazon Marketplace,0.0,False,False,64.0,32.0,2.0,6000.0,CL 30-36-36-76,30.0,1.4,UDIMM,DE,DDR5
202577756,024943f625b5d4459a2f19db73ad6542,Kingston FURY Beast 16GB DDR5-6000 CL36,DDR5-RAM,,,242.12,42,False,proshop.de,4.99,False,False,16.0,,,6000.0,,36.0,1.35,UDIMM,DE,DDR5
203196438,b671f840bbace4dfa1942ae0e9a58ba4,G.Skill Flare X5 64GB Kit DDR5-6000 CL30 (F5-6000J3040G32GX2-FX5),DDR5-RAM,,,1049.9,25,False,proshop.de,4.99,False,False,64.0,32.0,2.0,6000.0,CL 30-40-40-96,30.0,1.4,UDIMM,DE,DDR5
204112907,9128e75eed9559c67874a92f51192be4,Kingston FURY Beast 32GB DDR5-6000 CL30 (KF560C30BBE-32),DDR5-RAM,,,443.8,26,False,mediamarkt.de (Marktplatzhändler),0.0,False,False,32.0,32.0,1.0,6000.0,CL 30-36-36,30.0,1.4,UDIMM,DE,DDR5
201942318,936ffe5f6be50c168e97dcd48c94c0b9,G.Skill Ripjaws S5 32GB Kit DDR5-6000 CL30,DDR5-RAM,,,469.9,42,False,x-kom.de,6.99,False,False,32.0,16.0,2.0,6000.0,CL 30-40-40-96,30.0,1.35,UDIMM,DE,DDR5
202116042,b153184dfd453afc6bf4334e912186df,Kingston FURY Beast 16GB DDR5-5600 CL36 (KF556C36BBE-16),DDR5-RAM,1.0,100.0,241.35,30,False,it-veith.de,0.0,False,False,16.0,16.0,1.0,5600.0,CL 36-38-38,36.0,1.25,UDIMM,DE,DDR5
206836962,ea075d4a2abc1275be0299bd9ca52082,Patriot Viper Elite 5 Ultra 48GB Kit DDR5-6000 CL28 (VEU548G6028K),DDR5-RAM,1.0,100.0,1038.63,3,False,kaufland.de,0.0,False,False,48.0,24.0,2.0,6000.0,CL 28-40-40-100,28.0,1.4,UDIMM,DE,DDR5
208822445,d5cf24e8a8cab9128c550afe8b1445db,Lexar ARES RGB Gen2 32GB Kit DDR5-6000 CL30 (LD5U16G60C30BR-RGD),DDR5-RAM,,,419.0,6,False,Amazon,0.0,False,False,32.0,16.0,2.0,6000.0,CL 30-38-38-76,30.0,1.4,,DE,DDR5
204096089,1317e6aa44f2637c1929b0505874fa64,Kingston FURY Beast 16GB DDR5-6000 CL30,DDR5-RAM,2.0,100.0,266.91,46,False,playox.de,5.99,False,False,16.0,,,6000.0,CL 30-36-36,30.0,1.4,UDIMM,DE,DDR5
202161065,acefee5fa892fa128c10e019d510c0e5,G.Skill Trident Z5 RGB 32GB Kit DDR5-7200 CL34,DDR5-RAM,,80.0,529.9,45,False,x-kom.de,0.0,False,False,32.0,16.0,2.0,7200.0,CL 34-45-45-115,34.0,1.4,UDIMM,DE,DDR5
204104243,a2acdc64df92aa534c8787ceda5b1c14,Kingston FURY Beast RGB 16GB Kit DDR5-6000 CL30 (KF560C30BBEAK2-16),DDR5-RAM,,,313.17,20,False,jacob.de,0.0,False,False,16.0,8.0,2.0,6000.0,CL 30-36-36,30.0,1.4,UDIMM,DE,DDR5
209544204,45fa6212f28fd312f4d5ecc8b5d534de,Corsair Vengeance RGB 16GB Kit DDR5-6000 CL36 (CMH16GX5M2E6000Z36),DDR5-RAM,,,274.99,9,False,proshop.de,4.99,False,False,16.0,8.0,2.0,6000.0,CL 36-44-44-96,36.0,1.35,UDIMM,DE,DDR5
201926900,a02b5178f2f439dd1838cc2f19e7ecfe,G.Skill Trident Z5 RGB 64GB Kit DDR5-6000 CL30,DDR5-RAM,,,921.8,49,False,it-veith.de,0.0,False,False,64.0,32.0,2.0,6000.0,CL 30-40-40-96,30.0,1.4,UDIMM,DE,DDR5
203078719,e165240f03f7633e5c328031caacabfd,Crucial 24GB DDR5-5600 CL46 (CT24G56C46S5),DDR5-RAM,6.0,90.0,257.9,12,False,alza.de,4.99,False,False,24.0,24.0,1.0,5600.0,CL 46-45-45,46.0,1.1,SODIMM,DE,DDR5
205789873,8def2242c15ee79bbf1c742408ab4f5b,G.Skill Aegis 5 32GB DDR5-6000 CL36 (F5-6000J3636F32GX1-IS),DDR5-RAM,,,399.9,17,False,proshop.de,4.99,False,False,32.0,32.0,1.0,6000.0,CL 36-36-36-96,36.0,1.35,UDIMM,DE,DDR5
204897329,7e0daf87bc166ee9c962d621e23e520c,Kingston FURY Beast RGB 32GB Kit DDR5-6000 CL36 (KF560C36BBE2AK2-32),DDR5-RAM,,,506.9,27,False,alza.de,4.99,False,False,32.0,16.0,2.0,6000.0,CL 36-44-44,36.0,1.35,UDIMM,DE,DDR5
204120100,f1e02615738cd3a55277319ba6458de8,Crucial Pro Overclocking 16GB DDR5-6000 CL36 (CP16G60C36U5B),DDR5-RAM,,,244.67,23,False,electronis.de,6.9,False,False,16.0,16.0,1.0,6000.0,CL 36-38-38-80,36.0,1.35,UDIMM,DE,DDR5
212020419,8654d0672841ee1ae723f4bb1c72d61c,Corsair Vengeance RGB RS 16GB Kit DDR5-6000 CL36 (CMG16GX5M2E6000Z36),DDR5-RAM,,,269.99,2,False,Amazon,0.0,False,False,16.0,8.0,2.0,6000.0,CL 36-44-44-96,36.0,1.35,UDIMM,DE,DDR5
203079904,d206a6a93343ae2dca80542f88297eb6,Crucial 48GB DDR5-5600 CL46 (CT48G56C46S5),DDR5-RAM,8.0,80.0,579.0,3,False,galaxus.de,0.0,False,False,48.0,48.0,1.0,,CL 46-45-45,46.0,1.1,SODIMM,DE,DDR5
205511210,0208edc48289457650aa3514bdeefb17,G.Skill Trident Z5 Neo RGB 64GB Kit DDR5-6000 CL36,DDR5-RAM,,,800.1,9,False,joybuy.de,0.0,False,False,64.0,,,6000.0,CL 36-36-36-96,36.0,1.35,UDIMM,DE,DDR5
203079891,64ae460e6a2d92d5be23557f73e1d69e,Crucial 16GB Kit DDR5-5600 CL46 (CT2K8G56C46S5),DDR5-RAM,2.0,100.0,289.99,4,False,otto.de (Marktplatzhändler),0.0,False,False,16.0,8.0,2.0,5600.0,CL 46-45-45,46.0,1.1,SODIMM,DE,DDR5
204105595,8e934ff5ca6fe98547372dc5682435ae,Kingston FURY Beast RGB 64GB Kit DDR5-6000 CL30 (KF560C30BBEAK2-64),DDR5-RAM,,,1070.67,27,False,kaufland.de,0.0,False,False,64.0,32.0,2.0,6000.0,CL 30-36-36,30.0,1.4,UDIMM,DE,DDR5
204104221,4d26aa3f7877ae147add3ed557448ec4,Kingston FURY Beast 64GB Kit DDR5-6000 CL30 (KF560C30BWEK2-64),DDR5-RAM,,,881.0,21,False,joybuy.de,0.0,False,False,64.0,32.0,2.0,6000.0,CL 30-36-36,30.0,1.4,UDIMM,DE,DDR5
202164906,c044c844d13f357278c7c6cea5ffcdce,G.Skill Trident Z5 Neo 64GB Kit DDR5-6000 CL30 (F5-6000J3040G32GX2-TZ5N),DDR5-RAM,,,943.95,15,False,onbuy.com/de,0.0,False,False,64.0,32.0,2.0,6000.0,CL 30-40-40-96,30.0,1.4,UDIMM,DE,DDR5
206079951,8aa7863f57c17c1d103268c8bf98dded,Crucial Pro OC 64GB Kit DDR5-6000 CL40,DDR5-RAM,,,839.0,40,False,Amazon Marketplace,0.0,False,False,64.0,32.0,2.0,6000.0,CL 40-40-40-80,40.0,1.35,UDIMM,DE,DDR5
202693314,3d107898c79d03bd2b6b2069e7cb87b0,Kingston FURY Beast 128GB Kit DDR5-5600 CL40 (KF556C40BBK4-128),DDR5-RAM,,,2234.01,18,False,electronis.de,6.9,False,False,128.0,32.0,4.0,5600.0,CL 40-40-40,40.0,1.25,UDIMM,DE,DDR5
202776264,c8a7948b20283af362b761206cddf070,G.Skill Trident Z5 RGB 64GB Kit DDR5-6000 CL36 (F5-6000J3636F32GX2-TZ5RK),DDR5-RAM,,,873.39,17,False,electronis.de,6.9,False,False,64.0,32.0,2.0,6000.0,CL 36-36-36-96,36.0,1.35,UDIMM,DE,DDR5
206801032,df61103c8873966347dff4ad2a8fe226,Lenovo ThinkPad DDR5 Speichermodul 32 GB SO-DIMM 262-pin 5600 MHz (4X71M23188),DDR5-RAM,,,288.0,3,False,eBay,0.0,False,False,32.0,32.0,1.0,5600.0,,,,SODIMM,DE,DDR5
208073189,8edd34110ae6c48b46cfa0fe72ec0932,Crucial Pro OC 32GB Kit DDR5-6400 CL32 (CP2K16G64C32U5B),DDR5-RAM,,,429.99,12,False,Amazon,0.0,False,False,32.0,16.0,2.0,6400.0,CL 32-40-40-103,32.0,1.35,UDIMM,DE,DDR5
205887514,3eea94144d3a3a4d5411959ce33abc50,G.Skill Trident Z5 Neo RGB 32GB Kit DDR5-6000 CL26,DDR5-RAM,,80.0,1218.12,4,False,proshop.de,4.99,False,False,32.0,,,6000.0,CL 26-36-36-96,26.0,,UDIMM,DE,DDR5
201869833,c7ad748858861c0b2e12cbc23f3611d4,Crucial 64GB Kit DDR5-4800 SODIMM CL40 (CT2K32G48C40S5),DDR5-RAM,202.0,90.0,742.25,20,False,electronis.de,6.9,False,False,64.0,32.0,2.0,4800.0,CL 40-39-39,40.0,1.1,SODIMM,DE,DDR5
203745503,91e9475d2e0c6acd71923a6e663e108a,Dell 32GB DDR5-5600 CAMM2 (DELL-YHG6V),DDR5-RAM,,,461.4,6,False,jacob.de,0.0,False,False,32.0,32.0,1.0,5600.0,,,1.1,,DE,DDR5
206785320,45b77cd33dacf3c9dfdd4f8d7b7638aa,Team T-Force DELTAα RGB 32GB Kit DDR5-6000 CL30,DDR5-RAM,,,472.26,10,False,jacob.de,0.0,False,False,32.0,16.0,2.0,6000.0,CL 30-36-36-76,30.0,1.35,UDIMM,DE,DDR5
202916470,0fb54a2274d49cd6ac17cbbf38cc0fd5,Corsair Vengeance 32GB Kit DDR5-6000 CL30 (CMK32GX5M2B6000C30),DDR5-RAM,93.0,90.0,519.99,25,False,corsair.com,0.0,False,False,32.0,16.0,2.0,6000.0,CL 30-36-36-76,30.0,1.25,UDIMM,DE,DDR5
203720341,54ba5242b41ea9656e8fceb56aed648e,G.Skill Trident Z5 Neo RGB 32GB Kit DDR5-6000 CL30 (F5-6000J3036F16GX2-TZ5NRW),DDR5-RAM,,,600.0,14,False,bora-computer.de,5.9,False,False,32.0,16.0,2.0,6000.0,CL 30-36-36-96,30.0,1.35,UDIMM,DE,DDR5
202673793,0a1a19869741f517185888147f954eec,Corsair Vengeance RGB 48GB Kit DDR5-6400 CL36 (CMH48GX5M2B6400C36),DDR5-RAM,,,710.21,13,False,proshop.de,4.99,False,False,48.0,24.0,2.0,6400.0,CL 36-48-48-104,36.0,1.4,UDIMM,DE,DDR5
208880303,9663e88ae15dd20e62a232d33b6e87f2,G.Skill Flare X5 8GB DDR5-6000 CL30 (F5-6000J3038F8GH1-FX5),DDR5-RAM,,,147.9,11,False,alternate.de,7.99,False,False,8.0,8.0,1.0,6000.0,CL 30-38-38-96,30.0,1.35,UDIMM,DE,DDR5
201866999,b692e43d3526f8055089bb778447a3ba,Kingston FURY Beast 16GB Kit DDR5-5200 CL40 (KF552C40BBK2-16),DDR5-RAM,,,259.9,24,False,Amazon Marketplace,6.9,False,False,16.0,8.0,2.0,5200.0,CL 40-40-40,40.0,1.25,UDIMM,DE,DDR5
202673792,09a91802d6d0652d8baac3483d47bf1a,Corsair Vengeance RGB 64GB Kit DDR5-6400 CL32 (CMH64GX5M2B6400C32),DDR5-RAM,,,1259.64,16,False,25n.de,0.0,False,False,64.0,32.0,2.0,6400.0,CL 32-40-40-84,32.0,1.4,UDIMM,DE,DDR5
206838669,f0b7ab4ad62f86056adf2b0c4eb36d1a,Kingston KSM56R46BS8PMI-16HAI,DDR5-RAM,,,647.62,18,False,electronis.de,0.0,False,False,16.0,16.0,1.0,5600.0,,,,UDIMM,DE,DDR5
202133253,3e2457de8166d39ffeda7a0c1a665cc7,G.Skill Flare X5 32GB Kit DDR5-6000 CL36 (F5-6000J3636F16GX2-FX5),DDR5-RAM,,,455.99,27,False,x-kom.de,6.99,False,False,32.0,16.0,2.0,6000.0,CL 36-36-36-96,36.0,1.35,UDIMM,DE,DDR5
205590481,841ffd4fd4cac9cc190164ac680da773,Patriot Viper Venom RGB 16GB DDR5-6000 CL30 (PVVR516G60C30),DDR5-RAM,12.0,100.0,242.04,13,False,galaxus.de,0.0,False,False,16.0,16.0,1.0,6000.0,CL 30-40-40-76,30.0,1.35,UDIMM,DE,DDR5
202275516,0d32bfb9ce6019e95083299d64d45f7a,Crucial 32GB Kit DDR5-5600 CL46 (CT2K16G56C46U5),DDR5-RAM,48.0,90.0,448.96,20,False,bueromarkt-ag.de,0.0,False,False,32.0,16.0,2.0,5600.0,CL 46-45-45,46.0,1.1,UDIMM,DE,DDR5
205128732,069cc2c24cc90d8100e5e5e2ec168f3b,Klevv Cras V RGB 32GB Kit DDR5-6000 CL30,DDR5-RAM,,,508.13,3,False,galaxus.de,0.0,False,False,32.0,16.0,2.0,6000.0,CL 30-36-36-76,30.0,1.35,UDIMM,DE,DDR5
209221823,f6e412c0abc0ed8488c81c6f15996869,G.Skill Trident Z5 Neo RGB 256GB Kit DDR5-6000 CL32 (F5-6000J3244G64GX4-TZ5NR),DDR5-RAM,,,7792.67,3,False,proshop.de,4.99,False,False,256.0,64.0,4.0,6000.0,CL 32-44-44-96,32.0,1.4,UDIMM,DE,DDR5
206741697,33f21cb2917976acca09d0d2b36c999d,Corsair Vengeance RGB 96GB Kit DDR5-6000 CL36,DDR5-RAM,,,1249.0,4,False,Amazon,0.0,False,False,96.0,48.0,2.0,6000.0,CL 36-44-44-96,36.0,1.35,UDIMM,DE,DDR5
206040264,5d0d0ac410fdea1453a721be59de9fb8,Crucial Pro 128GB Kit DDR5-5600 (CP2K64G56C46U5),DDR5-RAM,,,1877.42,4,False,Amazon Marketplace,9.63,False,False,128.0,64.0,2.0,5600.0,CL 46-45-45,46.0,1.1,UDIMM,DE,DDR5
204159850,b9b6b51057f9676d1bd6d845c905b538,Team T-Create Expert 32GB Kit DDR5-6000 CL30 (CTCWD532G6000HC30DC01),DDR5-RAM,,,463.81,3,False,bueromarkt-ag.de,0.0,False,False,32.0,16.0,2.0,6000.0,CL 30-36-36-76,30.0,1.35,UDIMM,DE,DDR5
204414956,52486c6fe233ca51418304aaf6bb7c6e,XPG Lancer Blade RGB 16GB DDR5-6000 CL48 (AX5U6000C4816G-SLABRBK),DDR5-RAM,,,198.9,4,False,alza.de,4.99,False,False,16.0,16.0,1.0,6000.0,CL 48-48-48,48.0,1.35,UDIMM,DE,DDR5
202053460,bc45edfbf2dc8f4a9a954fee02a5dd26,Corsair Vengeance RGB 32GB Kit DDR5-6200 CL36,DDR5-RAM,,,576.59,21,False,kaufland.de,0.0,False,False,32.0,16.0,2.0,6200.0,CL 36-39-39-76,36.0,1.3,UDIMM,DE,DDR5
202160740,02562cc0162c97882980cfd1574d5de4,G.Skill Trident Z5 RGB 32GB Kit DDR5-7600 CL36 (F5-7600J3646G16GX2-TZ5RK),DDR5-RAM,,,1050.53,16,False,galaxus.de,0.0,False,False,32.0,16.0,2.0,7600.0,CL 36-46-46-121,36.0,1.4,UDIMM,DE,DDR5
205818973,4f1a756d6eed97585d969a697bf4cc0c,Kingston 64GB DDR5-6400 CL52 (KSM64R52BD4-64MD),DDR5-RAM,,,2834.75,5,False,jacob.de,0.0,False,False,64.0,64.0,1.0,6400.0,CL 52-52-52,52.0,1.1,UDIMM,DE,DDR5
201926261,7d4cf9a0d5fe359a6f14d88cf12a4f1e,Corsair Vengeance 32GB Kit DDR5-4800 CL40 (CMSX32GX5M2A4800C40),DDR5-RAM,,,350.0,7,False,tekaro.de,0.0,False,False,32.0,16.0,2.0,4800.0,CL 40-40-40-77,40.0,1.1,SODIMM,DE,DDR5
205770531,3dafd03bd9e365230cbc5b9d7ab750ef,G.Skill Flare X5 64GB Kit DDR5-6000 CL28 (F5-6000J2836G32GX2-FX5),DDR5-RAM,,,999.9,15,False,proshop.de,4.99,False,False,64.0,32.0,2.0,6000.0,CL 28-36-36-96,28.0,1.4,UDIMM,DE,DDR5
208635279,845f8dfcb2e2e39f5aa937cc3b7ed9fe,Lenovo 4X71N34265 module 32 GB 1 x 32 GB DDR5,DDR5-RAM,,,315.0,9,False,notebookkontor.de,6.9,False,False,32.0,32.0,1.0,4800.0,,,,,DE,DDR5
209055129,e2a2389320ab6789f14d1ce16c961264,Patriot Viper Elite 5 16GB DDR5-6000 CL30 (VEB516G6030W),DDR5-RAM,,,241.18,9,False,jacob.de,0.0,False,False,16.0,16.0,1.0,6000.0,CL 30-40-40-76,30.0,1.35,UDIMM,DE,DDR5
204413887,aed6743013ad8b97efaefe7c5bf43ea2,G.Skill Trident Z5 Royal 64GB Kit DDR5-6400 CL32 (F5-6400J3239G32GX2-TR5S),DDR5-RAM,,90.0,1467.99,13,False,Amazon Marketplace,6.95,False,False,64.0,32.0,2.0,6400.0,CL 32-39-39-102,32.0,1.4,UDIMM,DE,DDR5
204432985,baf52a60b76267a4293b609a714bcf5e,Patriot Viper Venom 64GB Kit DDR5-6000 CL30 (PVV564G600C30K),DDR5-RAM,,,966.39,24,False,kaufland.de,0.0,False,False,64.0,32.0,2.0,6000.0,CL 30-40-40-76,30.0,1.35,UDIMM,DE,DDR5
202125423,2e43d0d77555dbcb896766ec703d0436,G.Skill Trident Z5 Neo RGB DDR5-6000 CL36 (F5-6000J3636F16GX2-TZ5NR),DDR5-RAM,,,499.0,21,False,notebooksbilliger.de,8.99,False,False,32.0,16.0,2.0,6000.0,CL 36-36-36-96,36.0,1.35,UDIMM,DE,DDR5
202340880,2244befc1ff0e966420263c7051db863,Samsung 32GB DDR5-4800 (M425R4GA3BB0-CQK),DDR5-RAM,,,419.82,3,False,electronis.de,6.9,False,False,32.0,32.0,1.0,4800.0,,,1.1,SODIMM,DE,DDR5
205156299,93e2d13c5080dfeac1e08e9ed96e70db,G.Skill Flare X5 32GB Kit DDR5-6000 CL28 (F5-6000J2836G16GX2-FX5),DDR5-RAM,,,599.9,16,False,proshop.de,4.99,False,False,32.0,16.0,2.0,6000.0,CL 28-36-36-96,28.0,1.4,UDIMM,DE,DDR5
208413012,679e85e1c048699652e54d76c8077b4f,Corsair Vengeance 64GB (2x32GB) DDR5-6000 CL40 (CMK64GX5M2D6000Z40),DDR5-RAM,,,877.9,8,False,Amazon,0.0,False,False,64.0,32.0,2.0,6000.0,CL 40-50-50-96,40.0,1.35,UDIMM,DE,DDR5
201930889,2f93d5a4dc53d8013e59968fac370045,Patriot Signature Line 16GB DDR5-4800 CL40 (PSD516G480081),DDR5-RAM,3.0,90.0,219.9,12,False,Amazon Marketplace,0.0,False,False,16.0,16.0,1.0,4800.0,CL 40-40-40-77,40.0,1.1,UDIMM,DE,DDR5
203216017,a661ae63aee8341ad3f90d604c476930,Corsair Vengeance RGB 32GB Kit DDR5-6000 CL30 (CMH32GX5M2B6000C30W),DDR5-RAM,,,536.99,16,False,corsair.com,0.0,False,False,32.0,16.0,2.0,6000.0,CL 30-36-36-76,30.0,1.4,UDIMM,DE,DDR5
208073188,a788e3006561cb3a9a34dd2e1675a2f8,Crucial Pro OC 32GB Kit DDR5-6400 CL32 (CP2K16G64C32U5W),DDR5-RAM,,80.0,436.82,8,False,Amazon Marketplace,0.0,False,False,32.0,16.0,2.0,6400.0,CL 32-40-40-103,32.0,1.35,UDIMM,DE,DDR5
203480557,4771ce0996a45f2fbd9f489236acdf6a,Corsair Vengeance 32GB Kit DDR5-5600 CL48 (CMSX32GX5M2A5600C48),DDR5-RAM,,,404.6,15,False,Amazon Marketplace,0.0,False,False,32.0,16.0,2.0,5600.0,CL 48-48-48,48.0,1.1,SODIMM,DE,DDR5
201662463,bd1cb5eeae2c6a3e1fb8b0116f984a6b,Crucial 16GB DDR5-4800 CL40 (CT16G48C40U5),DDR5-RAM,67.0,90.0,210.0,21,False,techtronixx.de,0.0,False,False,16.0,16.0,1.0,4800.0,CL 40-39-39,40.0,1.1,UDIMM,DE,DDR5
202317625,6a19cb9294c9d4464cfe489813d59e56,Corsair Vengeance 64GB Kit DDR5-6400 CL32 (CMK64GX5M2B6400C32),DDR5-RAM,14.0,80.0,949.99,16,False,kaufland.de,0.0,False,False,64.0,32.0,2.0,6400.0,CL 32-40-40-84,32.0,1.4,UDIMM,DE,DDR5
202345042,8b63d8a3d44d5d45579d9d828e79e5b4,Patriot Viper Venom 32GB Kit DDR5-6400 CL32 (PVV532G640C32K),DDR5-RAM,16.0,90.0,429.62,23,False,Amazon Marketplace,0.0,False,False,32.0,16.0,2.0,6400.0,CL 32-40-40-84,32.0,1.4,UDIMM,DE,DDR5
202499707,281e4d57ef2c11a7483437f84106dbea,Corsair Vengeance 192GB Kit DDR5-5200 CL38 (CMK192GX5M4B5200C38),DDR5-RAM,3.0,100.0,2399.0,14,False,Amazon Marketplace,0.0,False,False,192.0,48.0,4.0,5200.0,CL 38-38-38-84,38.0,1.25,UDIMM,DE,DDR5
202293337,e91e79d7b07aa215942dc8a075da6785,Kingston FURY Beast 32GB DDR5-5600 CL36 (KF556C36BBE-32),DDR5-RAM,,,409.99,24,False,Amazon Marketplace,0.0,False,False,32.0,32.0,1.0,5600.0,CL 36-38-38,36.0,1.25,UDIMM,DE,DDR5
204560080,974a4228bfc8a98af1e3bf265f20ea4a,Corsair Vengeance 32GB DDR5-6000 CL38 (CMK32GX5M2B6000C38),DDR5-RAM,,,416.99,15,False,Amazon,0.0,False,False,32.0,16.0,2.0,6000.0,CL 38-44-44-96,38.0,1.35,UDIMM,DE,DDR5
201662459,b2a5391bb79b8800b8ca38500903dd02,Crucial 32GB DDR5-4800 CL40 (CT32G48C40U5),DDR5-RAM,35.0,80.0,379.95,25,False,pollin.de,5.99,False,False,32.0,32.0,1.0,4800.0,CL 40-39-39,40.0,1.1,UDIMM,DE,DDR5
202293320,664433e265db199e220764c9003d83ac,Kingston FURY Beast 64GB Kit DDR5-6000 CL36,DDR5-RAM,,70.0,1000.0,31,False,Amazon Marketplace,0.0,False,False,64.0,32.0,2.0,6000.0,CL 36-38-38,36.0,1.35,UDIMM,DE,DDR5
203079893,722e6019c10eb45abd50fb758a35a1bf,Crucial 16GB Kit DDR5-5600 CL46 (CT2K8G56C46U5),DDR5-RAM,6.0,100.0,248.0,20,False,kaufland.de,0.0,False,False,16.0,8.0,2.0,5600.0,CL 46-45-45,46.0,1.1,UDIMM,DE,DDR5
202510773,7ea80d07fa32a2a2647885ff4ac0f68e,Kingston ValueRAM 32GB Kit DDR5-5600 CL46 (KVR56S46BD8-32),DDR5-RAM,,,349.0,33,False,kaufland.de,0.0,False,False,32.0,32.0,1.0,5600.0,CL 46-45-45,46.0,1.1,SODIMM,DE,DDR5
211495119,c1e3ae7e0a7293be8bb37c19fbba2dd8,Corsair Vengeance RGB DDR5 16GB (2x8GB) 5200MHz CL40 weiß (CMH16GX5M2B5200Z40W),DDR5-RAM,,,259.0,2,False,Amazon,0.0,False,False,16.0,8.0,2.0,5200.0,CL 40-40-40-77,40.0,1.25,UDIMM,DE,DDR5
202561497,e9b13445da6a897a4c27d7c6a3a82e2b,Kingston FURY Renegade Pro 16GB DDR5-5600 CL36 (KF556R36RB-16),DDR5-RAM,,,468.75,2,False,e-tec.at (DE),0.0,False,False,16.0,16.0,1.0,5600.0,CL 36-38-38,36.0,1.25,,DE,DDR5
202053462,3c0fb5f713e976588e8959e78d760e30,Corsair Vengeance RGB 32GB Kit DDR5-6200 CL36 (CMH32GX5M2B6200C36W),DDR5-RAM,,,625.8,9,False,Amazon Marketplace,9.38,False,False,32.0,16.0,2.0,6200.0,CL 36-39-39-76,36.0,1.3,UDIMM,DE,DDR5
211727711,0e1f37719f570174de88c73053cc37c0,G.Skill Trident Z5 NeoX RGB 32GB Kit DDR5-6000 CL26,DDR5-RAM,,,1279.0,4,False,alternate.de,7.99,False,False,32.0,16.0,2.0,6000.0,CL 26-36-36-32,26.0,1.45,UDIMM,DE,DDR5
202249589,27679246ddfb7d95c2709d471a3b24cf,Corsair Vengeance 64GB Kit DDR5-6000 CL40 (CMK64GX5M2B6000Z40),DDR5-RAM,,,849.99,2,False,eBay,0.0,False,False,64.0,32.0,2.0,6000.0,CL 40-40-40-77,40.0,1.35,UDIMM,DE,DDR5
